id;freq_name;description;category;;;;;
934;ADD;Tähelepanupuudulikkus #1;"Attention / Tähelepanu; Hyperactivity / Hüperaktiivsus";;;;;
938;ADHD;Tähelepanupuudulikkus koos hüperaktiivsusega #1;"Attention / Tähelepanu; Hyperactivity / Hüperaktiivsus";;;;;
960;Asperger Syndrome;Sotsiaalsus, suhtlemine, väljendusoskus #1;"Asperger / Asperger; Autism / Autism";;;;;
962;Autism;Sotsiaalsus, suhtlemine, väljendusoskus #2;Autism / Autism;;;;;
1066;Landau-Kleffner Syndrome;Sotsiaalsus, suhtlemine, väljendusoskus #3;"Autism / Autism; Speech / Kõne";;;;;
1234;Tourette`s Syndrome;Sundhäälitsused ja -liigutused #1;Tourette / Tourette;;;;;
1732;Attention Deficit Dis.;Tähelepanupuudulikkus #2;Attention / Tähelepanu;;;;;
1733;Attention-Deficit Hyperactivity;Tähelepanupuudulikkus koos hüperaktiivsusega #2;"Attention / Tähelepanu; Hyperactivity / Hüperaktiivsus";;;;;
2160;Insomnia;Unetus.;Insomnia / Unetus;;;;;
2511;Tourette`s Syndrome;Sundhäälitsused ja -liigutused #2;Tourette / Tourette;;;;;
2731;ACHIV;Ülemäärane söögiisu, rasvumine ja/või üldiselt täitmatuse tunne (söögiisu, emotsionaalsus, tühjuse tunne jms).                                                                                                                                                        Vajadus teadvustada seni lahendamata probleemide põhjuseid ning nende ümber kujundamine.;"Appetite / Ülemäärane söögiisu; Lethargy / Letargia; Sluggishness / Loidus";;;;;
2732;ADPTIN;Ängistus ja rahutus. Raskused uue keskkonna/olukorraga kohanemisel. Ei tea, kuhu sobituda.;"Adapt / Kohanema; Anguish / Ängistus";;;;;
2733;Agrimony (Bach);Oma murede varjamine enda ja teiste eest, nende pisendamine/väiksemaks tegemine ning teistega mitte jagamine. Vaidluste, vastasseisu ja/või üksiolemise vältimine. Valu vältimiseks/maandamiseks võidakse kasutada alkoholi, narkootikume, toitu, tööd, poodlemist jms. Aktiveerib oskust olla oma tunnete suhtes aus ja neid väljendada.;"Alcohol / Alkohol; Avoid / Vältimine";;;;;
2734;ANGR-FLX;Viha, pettumus/frustratsioon, paindumatus, kangekaelsus, kannatamatus, andestamatus ning nendega seotud sümptomite neutraliseerimine (nö kanged mehed ja naised/poisid ja tüdrukud).;"Anger / Viha; Flexibility / Paindlikkus; Forgive / Andestamine; Stubborness / Kangekaelsus";;;;;
2735;ANGR-RLS;Varjatud viha: minevikus toimunud leinade ja alanduste mõjutusel elamine, kergesti solvuv ja provotseeritav. Ärrituvus.;"Anger / Viha; Humiliations / Alandamised";;;;;
2736;Aspen (Bach);Ebamäärased hirmud ja ärevus, mis ilmnevad ootamatult ilma ilmse põhjuseta. Need võivad olla ka õudusunenäod või erinevad hirmud. ;"Apprehension / Kartlikkus; Fear / Hirmud";;;;;
2737;ATHLETE´S SPIRIT;Aktiveerib paremat mõistmist, meeskonnatööd ja sooritusvõimet, sh intuitsiooni, koordineerimist, fokusseerimist, keskendumisvõimet, täpsust ning tasakaalu.;"Focus / Keskenduma; Teamwork / Meeskonnatöö";;;;;
2738;AURA CLEANSER;Minevikust pärit negatiivsete emotsioonide ja mõtete neutraliseerimine, aidates elus edasi liikuda. ;Aura / Energiaväli;;;;;
2739;Beech (Bach);Tolerantsus ja erinevuste aktsepteerimine, sh süüdlase otsimise soov. ;"Accept / Aktsepteerima; Tolerance / Tolerantsus";;;;;
2740;BRIGHT MORNINGS;"""Säravad hommikud"": rasked ja kurvad tundmused takistavad kogemast entusiasmi ja elujõudu. Neutraliseerib leina/kaotuse tunnet/kurbust ning aktiveerib positiivset suhtumist, entusiasmi, elujõudu.";"Sadness / Kurbus; Enthusiasm / Entusiasm; Vitality / Elujõud";;;;;
2741;CALM CHILD;Sisemise lapse rahustamine (sisemine laps on pettunud ja pahane), neutraliseerides emotsionaalset tasakaalutust, viha või pettumuse tunnet ning aktiveerides õnnetunnet.;Calm / Rahulikkus;;;;;
2742;CAREHRT;Võõrandumine, ükskõiksuse tunne (sh lähedaste suhtes). Ebameeldivatele olukordadele/mõtetele keskendumine. Neutraliseerides häbelikkust ja suhtlematust, aktiveerides entusiasmi ning positiivset osalemist elus.;"Alienation / Võõrandumine; Enthusiasm / Entusiasm; Shy / Häbelikkus";;;;;
2743;Centaury (Bach);"Neile, kes alati püüavad teistele meeldida ning raske on öelda ""Ei"" isegi siis, kui neid ära kasutatakse.";Please others / Teiste soovide järgi;;;;;
2744;Cerato (Bach);Oma sisetunde mitte usaldamine, vajadus küsida teiste nõuandeid ja arvamusi, isegi kui sellised nõuanded on eksitavad. Aktiveerib usaldama enda sisetunnet.;Trust / Usaldus;;;;;
2745;Cherry Plum (Bach);Oma esimese sisetunde usaldamine (mõistus dikteerib, mis on õige. Hirm kaotada kontrolli oma mõtete/tegude üle). Aktiveerib usaldama oma spontaanset sisetunnet ning julgust järgida oma südamesoove.;Trust / Usaldus;;;;;
2746;Chestnut Bud (Bach);Sarnaste vigade kordamine läbi elu, õppimata varasematest kogemustest. Aktiveerib elukogemustest õppimist ning aitab pöörata tähelepanu olevikule.;"Learn / Õppimine; Past / Minevik";;;;;
2747;Chicory (Bach);Perekonna ja lähedaste sõprade suhtes kontrolliv käitumine ja/või armastatutele oma standardite kehtestamine (nõudlik, dikteeriv, paindumatu). Aktiveerib tingimusteta armastust.;"Family / Peresuhted; Love / Armastus";;;;;
2748;CLEANSING FIRE;Neutraliseerib minevikukogemustest tekkinud/välja kujunenud/tulenevaid negatiivseid mõttemustreid, emotsioone ning piiranguid. ;Aura / Energiaväli;;;;;
2749;CLEAR COMMUNICATION;Raskused eneseväljendamisel ning sellest tulenev pettumus/frustratsioon. Aktiveerib väljendusoskust, soodustades individuaalsetes ja grupisituatsioonides selget ja ladusat suhtlemist. Toetab esinemishirmu korral ning neutraliseerib ärevust.;"Communication / Kommunikatsioon; Expression / Eneseväljendamine";;;;;
2750;CLEAR SPIRIT;Muutused tekitavad mentaalseid blokke ja pingeid. Aktiveerib tähelepanelikkust, intuitsiooni, muutustega kohanemist, kontakti oma sisetundega, mh toetab mediteerimist.;"Change / Muutused; Relax / Lõdvestuma; Spirit / Vaimne";;;;;
2751;Clematis (Bach);Oma elu õnnetuks pidamine ning tõmbumine fantaasiamaailma. Ükskõiksuse tunne igapäevaelu suhtes. Aitab ühendada reaalse elu unistustega, aidates olla käesolevas hetkes, siin ja praegu. Aktiveerib loovust.;"Creativity / Loovus; Grounded / Vaimne tasakaal";;;;;
2752;CLR-MND;Väärtusetuse ja alaväärsuse tunne, identiteedi segadus ning eesmärgi ebaselgus.;"Clarity / Selgus; Confusion / Segadus; Identity / Identiteet; Unworthiness / Ei ole vääriline";;;;;
2753;COURAGE;Erinevate hirmude mõttevormid, sh ka teiste inimeste hirmud. Aitab tuvastada ja neutraliseerida hirmutunnet ning erinevaid hirmutundmise mustreid. ;Fear / Hirmud;;;;;
2754;Crab Apple (Bach);Häbi ja halb enesepilt/enesehinnang. Oma keha ja keskkonna aktsepteerimine.;"Accept / Aktsepteerima; Shame / Häbi";;;;;
2755;DISSOLVE GUILT;Süütunne, eneses kahtlemine ja hukkamõistmine. Tunne, et ei ole piisavalt hea. Süütunne avaldub enesevihkamisest kuni kergemate tundmusteni (enese armastuse puudus, ei tunne end õnneliku elu väärilisena). ;"Guilt / Süütunne; Happiness / Õnnetunne; Sabotage / Sabotaaž";;;;;
2756;DREAMS COME TRUE;Eneseusaldamine tuleviku kujundamisel, toetades eesmärgi selgust, visualiseerimist ja enesekehtestamist. ;"Future / Tulevik; Trust / Usaldus";;;;;
2757;Elm (Bach);Kohustustest ja vastutusest tulenev ülekoormatus - tunne, et mingit ülesannet on lihtsalt liiga raske täita. Aktiveerib rahulikkust ja võimet näha probleeme asjakohases perspektiivis.;Accomplish / Saavutama;;;;;
2758;EMOTIONAL HEALING;Negatiivsete mõttemustrite ja enesekriitilisuse neutraliseerimine. Aktiveerib intuitsiooni, turva- ja õnnetunnet ning enesest arusaamist. Neutraliseerib seosed emotsioonide ja füüsiliste probleemide vahel.;"Change / Muutused; Critical / Kriitilisus; Happiness / Õnnetunne";;;;;
2759;EXPSSN;Raskused eneseväljendamisel, hirm suhtlemise ees ja/või esinemishirm. Enda võimete alahindamine ja mentaalsed blokid. Võib olla ka istuvast või üksluisest eluviisist tingitud kurnatus.;"Apprehension / Kartlikkus; Fright / Äkiline hirm; Stage fright / Esinemishirm";;;;;
2760;FAERIE FOOD;Tasakaalustab ja aitab kaasa mõttevormide muutumisele ja vaimsele arengule, toetab elus edasi liikumist.;Spirit / Vaimne;;;;;
2761;FEMFLWR;Naiselik eneseväljendamine ning enda naiselikkuse aktsepteerimine.;"Expression / Eneseväljendamine; Female / Naiselikkus";;;;;
2762;FR-RLS;Sundmõtted ja ettekujutamine, mida kõike halba võib juhtuda. Neutraliseerib paanikahoogude, ärevusest tuleneva värisemise, rahutuse ja/või hakkama saamise hirmuga seotud sümptomeid. Ehmumine/hirmutunne, muretsemine ja kompulsiivsed ideed. Need tundmused võivad omakorda põhjustada ärevust.;"Compulsive / Kompulsiivsus; Fear / Hirmud; Fright / Äkiline hirm; Panic / Paanika; Trembling / Sisemine värin";;;;;
2763;FR-TRST;Hirm läbikukkumise ja mittetunnustamise ees. Neutraliseerib hirmudega seotud sümptomeid, mis tulenevad varasematest emotsionaalsetest haiget saamistest, lahusolekutest ja/või lahkuminekutest, äraütlemistest. ;"Fear / Hirmud; Rejection / Tagasilükkamine";;;;;
2764;FRGV;Raskused andestamisel ja armastuse vastuvõtmisel. Võib olla kergesti solvuv ja ennast hukkamõistev.;Love / Armastus;;;;;
2765;FRST-RSC;Suur ärevus. Traumad, mis tulenevad leinast ja/või šokist.;Anxiety / Ärevus;;;;;
2766;FS-MND;Ületöötamine ja suur vaimne väsimus, mis on põhjustatud vaimsest ja/või füüsilisest kurnatusest või haigustest. Neutraliseerib segaduse ja liigse ülitundlikkusega seotud sümptomeid.;"Confusion / Segadus; Fatigue / Väsimus; Overworked / Ületöötanud";;;;;
2767;Gentian (Bach);Aktiveerib enesekindlust oma probleemidest üle saamiseks. Kahtlus/kõhklus, mis võib tuleneda ka tühistest asjaoludest ja/või väikestest takistustest.;"Confidence / Enesekindlus; Depression / Pikaajaline stress; Discouragement / Arglikkus";;;;;
2768;Gorse (Bach);Meeleheide ja lootusetuse tunne. Tunne, et midagi enamat pole võimalik teha (sageli krooniliste haiguste korral). Aktiveerib usku tervenemisse, lahenduste leidmist ja enesekindlust. ;"Confidence / Enesekindlus; Despair / Meeleheide; Hope / Lootus";;;;;
2769;HEALING HEART;Hingehaavad: andestamine, mõistmine, suhtlemine, usaldamine, avatus ja aktsepteerimine nii olnud kui olemasolevates suhetes (sh vastassooga). Aktiveerib tasakaalu, aidates luua paremaid suhteid. ;"Forgive / Andestamine; Pain / Valu";;;;;
2770;Heather (Bach);Neile, kellel on pidevalt vajadus rääkida endast ja oma probleemidest. Raske on olla üksinda. Aktiveerib oskust teisi kuulata.;Lone / Üksindus;;;;;
2771;HIDDEN ISSUES;Sissehoitud kurbus, viha ja ennast piiravad mõttevormid on põhjustanud enese vastu töötamist (peidetud negatiivsed mälestused, mõtted ja emotsioonid). Varjatud emotsioonidele viitavad viha, korduv enesesabotaaž, sõltuvuskäitumine või kurbus, mis pole praeguse olukorraga/eluoluga tasakaalus.;"Addictive / Sõltuvust tekitav; Anger / Viha; Sabotage / Sabotaaž; Sadness / Kurbus";;;;;
2772;Holly (Bach);Viha ja kadedus, mis tuleneb tundest, et ei saa piisavalt armastust. Aktiveerib armastuse tunnet.;Love / Armastus;;;;;
2773;Honeysuckle (Bach);Minevikus elamine (kaotatud armastus või täitumatud unistused) on võtnud rõõmutunde. Tunne, et enam ei ole võimalik õnnelikuks saada. Aktiveerib oskust tunda rõõmu käesolevas hetkes. ;Joy / Rõõm;;;;;
2774;Hornbeam (Bach);Sisemise jõu puudus tavapäraste igapäevaste tegevustega toimetulekuks. Aktiveerib entusiasmi ja vaimset erksust.;Enthusiasm / Entusiasm;;;;;
2775;HRMNY;Melanhoolsus tekkinud šokkidest, leinast ja/või pettumusest - aktiveerib rahulolu ja head enesetunnet. Võib olla kalduvus muutuda rahutuks, loiuks, melanhoolseks või kahtlustavaks. Vajadus lohutuse järgi, kuid samas ei suuda seda vastu võtta.;"Listless / Tuim; Melanholic / Melanhoolsus";;;;;
2776;IMMUNE ENERGY;Mõjutatud negatiivsete inimeste energiast ning võõrenergiast (kadedad, õelad, pahatahtlikud, negatiivsed). Neutraliseerib igasuguseid negatiivseid energeetilisi mõjutusi. Soovitus: hoidke end eemale ebameeldivate emotsionaalsete olukordade, negatiivse vaimse keskkonna, psüühiliselt toksiliste inimeste, kohtade või mõtete eest. ;Aura / Energiaväli;;;;;
2777;Impatiens (Bach);Kiiresti tegutsemine ja mõtlemine ning kannatamatus inimeste suhtes, kes tegutsevad aeglasemalt. Üksinda töötamise eelistamine. Aktiveerib teiste suhtes empaatiat, mõistmist ja kannatlikkust.;"Empathy / Empaatia; Lone / Üksindus";;;;;
2778;INCDNT-RLS;Šokist, traumast ja teistest haavatavatest olukordadest tulenevad mälestused. Neutraliseerib varasemate traumaatiliste kogemustega seotud mõttemustreid ja emotsioone. ;"Past / Minevik; Shock / Šokk; Trauma / Trauma";;;;;
2779;INSPIRATION;Inspiratsioon/loomingulisus. Aktiveerib probleemide lahendamise oskust, aidates leida uusi ja paremaid viise, kuidas asju teha.;"Creativity / Loovus; Imagination / Kujutlusvõime; Inspiration / Inspiratsioon";;;;;
2780;Larch (Bach);Enesekindluse puudumine ning ebaõnnestumisele häälestumine. Aktiveerib enesekindlust ja otsustavust väljakutseid vastu võtta.;Confidence / Enesekindlus;;;;;
2781;LF-CHNGS;Meeleheide, pahameel, kriitilisus. Aktiveerib lahti laskma valest minapildist, mis ei toeta enam.;"Despond / Ahastus; Discouragement / Arglikkus; False image / Vale enesepilt; Sullenness / Pahurus";;;;;
2782;LTGO;Ahastus, rahutus, negatiivsed mõttemustrid, kangekaelsus, armukadedus, kadedus, kahtlustamine ja isekus. Oluliste füüsiliste ja emotsionaalsete vajaduste mahasurumine.;"Anguish / Ängistus; Jealousy / Armukadedus; Restless / Rahutus; Stubborness / Kangekaelsus; Suppression / Allasurumine";;;;;
2783;LVJY;Šokk ja pikaaegne lein. Rahutus/ebakindlus tuleviku suhtes. Aktiveerib elurõõmu ja armastuse tunnet.;Future / Tulevik;;;;;
2784;MALE SUPPORT;Sisemine jõud, kannatlikkus, tasakaal, enesekindlus ja võime lahendada elus esinevaid probleeme sügavamal tasandil.;Centering / Tähelepanu koondamine;;;;;
2785;MENTAL FOCUS;Tähelepanu ja keskendumisvõime. Soodustab õppimist ja/või eksamiteks valmistumist. Aitab mõista enda mõttemustreid ja lõpetada oma elus ikka ja jälle samade vigade kordamist ilma nendest õppimata (aitab mõista elus esinevaid õppetunde).;"Concentration / Kontsentratsioon; Focus / Keskenduma; Learn / Õppimine";;;;;
2786;Mimulus (Bach);Tuntumad/tavapärasemad hirmud: pimedus, vaesus, kõrgus, haigus, surm jne. Seotud ka foobiatega.;Fear / Hirmud;;;;;
2787;MND-MMRY;Leina, šoki, pettumuste, usalduse kaotuse, hirmu ja muude lapsepõlve väärkohtlemise tagajärgedega seotud mõttemustrid. Aktiveerib mineviku või oleviku emotsionaalsete raskuste aktsepteerimist.;"Abuse / Väärkohtlemine; Childhood / Lapsepõlv; Fear / Hirmud";;;;;
2788;Mustard (Bach);Ängistus, ahastus, hingepiin, kurbus, masendus teadmata/ilma nähtavate põhjusteta. Aktiveerib sisemist stabiilsust, rõõmsameelsust ja rahulikkust.;"Cheerful / Rõõmsameelsus; Depression / Pikaajaline stress; Serenity / Rahulikkus";;;;;
2789;MVON;Vihaga seotud allasurutud ja sügavad emotsioonid või varasemate traumade ja väärkohtlemisega seotud hoiakud. Neutraliseerib leina, pettumuse ja kaotusega seotud tundeid ning aitab elus edasi liikuda.;"Abuse / Väärkohtlemine; Anger / Viha";;;;;
2790;NEW PATTERNS;Neutraliseerib vanasid mõttemustreid ning nendega kaasnevaid emotsioone ja vajadusi, sh sõltuvust tekitavaid käitumismustreid (nt isu ebatervisliku toidu, alkoholi järgi jne). ;"Addictive / Sõltuvust tekitav; Change / Muutused";;;;;
2791;NU-DRCTN;Kinnijäämise tunne. Hirm muutuste ees.;"Change / Muutused; Fear / Hirmud; Stuck / Kinni olema";;;;;
2792;Oak (Bach);Liigne rangus enda suhtes on võtnud rõõmutunde (võib olla võetud ka liiga palju kohustusi).  Aktiveerib rõõmutunnet ning oskust hakata tegema aeg-ajalt pausi oma ettevõtmistes.;Joy / Rõõm;;;;;
2793;Olive (Bach);Vaimne ja füüsiline kurnatus, mis on põhjustatud haigustest või isiklikest katsumustest/väljakutsetest. Aktiveerib elujõudu.;"Exhaust / Kurnatus; Vitality / Elujõud";;;;;
2794;PERFECT BALANCE;Tasakaal ja rõõm. Aitab taastada ja säilitada meelerahu. Eriti hea neile, kes on ülitundlikud.;Joy / Rõõm;;;;;
2795;Pine (Bach);Endaga rahulolematus ning enda süüdistamine selles, et hetkel paremini ei lähe. Süütunne, kahetsus, sh süüdistades end ka teiste vigade eest.;"Blame / Süütunne; Guilt / Süütunne; Regret / Kahetsus";;;;;
2796;POST OPERATIVE;Aitab emotsionaalselt taastuda operatsioonijärgsetest traumadest.;Operative / Operatsioon;;;;;
2797;PRE OPERATIVE;Aitab emotsionaalselt valmistada ette operatsiooniks või millestki vabanemiseks.;Operative / Operatsioon;;;;;
2798;PRSVR;Väsimuse, lõpetatuse ja täieliku apaatiaga seotud mõttemustrid. Aktiveerib vastupidavust, usaldusväärsust, jõudu, muutust ja sihikindlust jõuda soovitud eesmärgini. Leevendab kalduvust entusiasmiga projekte alustada ja hiljem huvi või energia puudumise tõttu neist loobuda.;"Enthusiasm / Entusiasm; Exhaust / Kurnatus; Reliability / Usaldusväärsus; Utterly apathetic / Täielik apaatsus";;;;;
2799;PRTCT;Elujõu kaotus, peapööritus, väsimus ja kurnatus, sh füüsilise šoki, traumaga seotud mõttemustrid. Ülitundlikkus igasuguste väliste mõjutuste suhtes.;"Debility / Nõrkus; Exhaust / Kurnatus; Loss / Kaotus; Shock / Šokk; Trauma / Trauma";;;;;
2800;PSTVTY;Lootusetus ja meeleheide taastumise suhtes, ülitundlikkus välistele pingetele.;"Despair / Meeleheide; Hope / Lootus";;;;;
2801;RAPID RECOVERY;Läbipõlemissündroom. Vaimne ja/või füüsiline kurnatus, aitab aktiveerida sisemist jõudu.;"Burnout / Läbipõlemine; Exhaust / Kurnatus";;;;;
2802;Red Chestnut (Bach);Pidevalt muretsemine oma armastatud inimeste heaolu pärast ja ette kujutamine, mida halba võib nendega juhtuda. Aktiveerib võimet mõelda positiivselt isegi siis, kui ollakse keerulises olukorras.;Worry / Muretsemine;;;;;
2803;Rescue Remedy (Bach);Šokk, trauma ja stress. Tasakaalustab emotsionaalset seisundit.;Shock / Šokk;;;;;
2804;RLXTN;Närvilisus, kurnatus, pinge (sh ka kaelas ja seljas olevad stressist tulenevad pinged), ärevus ja vaimne segadus. Ülitundlikkus nii füüsiliselt kui vaimselt.;"Anxious / Ärev, murelik; Exhaust / Kurnatus; Tension / Pinged";;;;;
2805;Rock Rose (Bach);Paanika ja hirmud.;Panic / Paanika;;;;;
2806;Rock Water (Bach);Sisemine paindlikkus ja avatud meel. Enda suhtes ülemäärane karmus, jäigad isiklikud arusaamised ning endale naudingute keelamine. ;"Flexibility / Paindlikkus; Open-mind / Avatud meel";;;;;
2807;Scleranthus (Bach);Sageli kahe valiku vahel ja ei suuda nende vahel otsustada, ka meeleolumuutused. Aktiveerib keskendumist, sisemist tasakaalu ja paindlikkust.;"Concentration / Kontsentratsioon; Flexibility / Paindlikkus; Mood / Meeleolu";;;;;
2808;SEXUAL HEALING;Külmunud romantilised tunded.;"Female / Naiselikkus; Sensual / Sensuaalsus; Sex / Seksuaalsus";;;;;
2809;SLFSTM;Madal enesekindlus ja -hinnang. Pelglikkus, reserveeritus ja raskus toime tulla mis tahes väljakutsetega. Kergesti mõjutatav, alaväärsuse- ja kasutuse tunne.;"Confidence / Enesekindlus; Self-esteem / Enesehinnang";;;;;
2810;SOMATICA;Allasurutud hirmudest ja emotsioonidest tekkinud pinged lihastes ja elundites. ;"Fear / Hirmud; Tension / Pinged";;;;;
2811;Star Of Bethlehem (Bach);Minevikutraumad ja šokid, mõjutades praegust elu. Aktiveerib nendest taastumist.;"Past / Minevik; Shock / Šokk; Trauma / Trauma";;;;;
2812;STRNG-MND;Kurbus, meeleheide, lootusetuse tunne, apaatsus ja sisemine emotsionaalne pinge. Aktiveerib sisemist vitaalsust/elujõudu.;"Apathy / Apaatsus; Fright / Äkiline hirm; Hope / Lootus; Sadness / Kurbus; Vitality / Elujõud";;;;;
2813;SUSTAINABLE ENERGY;"Elukogemuste ""läbi seedimine"". Aktiveerib sisemist vitaalsust/elujõudu.";Digest / Elukogemuste läbiseedimine;;;;;
2814;Sweet Chestnut (Bach);Ängistus, ahastus, hingepiin - tunne, et enam ei jaksa. Aktiveerib eneseusku ning usku, et muutused on võimalikud.;"Anguish / Ängistus; Change / Muutused; Trust / Usaldus";;;;;
2815;TRANQUILITY;Mõtete ja emotsioonide vaigistamine. Aktiveerib sisemist rahu ja sügavat lõdvestumist. ;Calm / Rahulikkus;;;;;
2816;TRANSFORM ANGER;Vihaga seotud mõttemustrid, pahameel, pettumus, ärrituvus, raev ja agressioon. ;Anger / Viha;;;;;
2817;TRAUMA;Emotsionaalsed ja/või füüsilised traumad. Aitab seda protsessida, terveneda ja elus edasi liikuda.  ;"Aura / Energiaväli; Shock / Šokk; Trauma / Trauma";;;;;
2818;Ultra Constitutions #5;Süüdistamine, kriitilisus, süütunne, häbi, piinlikkus, enesele etteheidete tegemine. ;"Blame / Süütunne; Critical / Kriitilisus; Embarrasment / Piinlikkus; Guilt / Süütunne; Shame / Häbi";;;;;
2819;Ultra-Constitutions #1;Hirm, paanika, kartlikkus - vastupidi aktiveerib julgust, enesekindlust ja seiklushimu.;"Adventurous / Seiklushimuline; Apprehension / Kartlikkus; Fear / Hirmud; Panic / Paanika";;;;;
2820;Ultra-Constitutions #10;Hüljatus, üksindus, tühjuse tunne, kinnisus - vastupidi aktiveerib turvalisust, rahulolu ja avatust.;"Abandonment / Hüljatus; Extrovert / Ekstravert; Lone / Üksindus; Secure / Turvatunne";;;;;
2821;Ultra-Constitutions #11;Mitte usaldav, kahtlustav/kahtlustamine, paranoiline - vastupidi aktiveerib usaldust ja enesekindlust.;Trust / Usaldus;;;;;
2822;Ultra-Constitutions #12;Traumadest tekkinud enesekesksus ja isekus - vastupidi aktiveerib suuremeelsust, üllust, heasüdamlikkust, õiglustunnet. ;"Generosity / Suuremeelsus; Greed / Ahnus";;;;;
2823;Ultra-Constitutions #2;Traumadest tekkinud käitumisprobleemid - vastupidi aktiveerib armastuse ja helluse tunnet.;Awkward / Käitumisraskused;;;;;
2824;Ultra-Constitutions #3;Nõudlik, kontrolliv, jäik - vastupidi aktiveerib alandlikkust, paindlikkust ja tagasihoidlikkust.;Rigidity / Jäikus;;;;;
2825;Ultra-Constitutions #4;Lein, kurbus, kahetsus - vastupidi aktiveerib õnnetunnet, rahulolu ja rõõmsameelsust. ;"Cheerful / Rõõmsameelsus; Grief / Lein; Regret / Kahetsus; Sadness / Kurbus";;;;;
2826;Ultra-Constitutions #6;Nõrk, jõuetu, sageli haige - vastupidi aktiveerib tugevust, stabiilsust, sisemist jõudu. ;Power / Sisemine jõud;;;;;
2827;Ultra-Constitutions #7;Ärevus, muretsemine, kannatamatus, usaldamatus - vastupidi aktiveerib rahulikkust, lõdvestumist, usaldust, turvatunnet. ;"Anxiety / Ärevus; Relax / Lõdvestuma; Secure / Turvatunne; Trust / Usaldus; Worry / Muretsemine";;;;;
2828;Ultra-Constitutions #8;Traumadest tekkinud viha, sallimatus, ärrituvus, vägivaldsus - vastupidi aktiveerib lahkust, õrnust, viisakust ja hoolivust. ;"Anger / Viha; Kindness / Heatahtlikkus";;;;;
2829;Ultra-Constitutions #9;Uimasus, loidus, ängistus, segadus - vastupidi aktiveerib sisemist jõudu, mängulisust, arusaamist ja tähelepanelikkust. ;"Confusion / Segadus; Depression / Pikaajaline stress";;;;;
2830;UN-STRESS;Mentaalne kurnatus (stress ja ülekoormatus) - liiga palju tegevusi ja/või mõtteid hetkel või minevikust ja/või kohustusi, millega füüsilisel kehal on raske toime tulla.                                                                                    ;Calm / Rahulikkus;;;;;
2831;Vervain (Bach);Enesesabotaaž, sh teiste veenmine oma tõekspidamiste õigsuses ning liigne entusiasm, mis hakkab šaboteerima häid kavatsusi ja see ei lase elus edasi liikuda. Aktiveerib paindlikkust ning entusiasmi.;"Enthusiasm / Entusiasm; Sabotage / Sabotaaž";;;;;
2832;Vine (Bach);Ootus, et teised teeksid asju nii nagu mina soovin. Aktiveerib mõistmist, et tõeline juhtimine tähendab teiste juhtimisomaduste julgustamist.;Leadership / Juhiomadused;;;;;
2833;VTLTY;Sügav ja sisemine väsimus, mis tuleneb pikaajalistest emotsionaalsest stressist, leinast või ärevusest. Aktiveerib vitaalsust ja emotsionaalset elujõudu.;Vitality / Elujõud;;;;;
2834;Walnut (Bach);Kergesti mõjutatav välistest asjaoludest (oma sisetunde ja eneseusaldamine, mis on seotud positiivsete muutustega, mida soovitakse elus teha. Toetab uude eluetappi üleminekut).;Change / Muutused;;;;;
2835;Water Violet (Bach);Koostöö ja suhtlemine teistega. NB! Neile, kes soovivad teha asju iseseisvalt/üksinda ja on sellest tulenevalt üksildased, kuna nad kardavad kaotada oma sõltumatust. ;Lone / Üksindus;;;;;
2836;White Chestnut (Bach);Soovimatud/segavad mõtted ja mured, mis näivad lõputult korduvat ja mis võivad põhjustada unetust. Aktiveerib tasakaalustatud meeleseisundit ja oskust oma mõtteid konstruktiivselt kasutada.;Insomnia / Unetus;;;;;
2837;Wild Oat (Bach);Rahulolematus ja ebakindlus. Inimestele, kes tahavad oma elus midagi saavutada, kuid pole selget eesmärki. Aktiveerib keskendumisvõimet ja võimet leida soovitud suund oma elus.;Accomplish / Saavutama;;;;;
2838;Wild Rose (Rose);Apaatia/tundetus ei lase tunda entusiasmi ja elurõõmu. Aktiveerib oskust elu mõtestada ja tunda rõõmu.;"Apathy / Apaatsus; Joy / Rõõm; Resignation / Soov kellestki või millestki eemalduda";;;;;
2839;Willow (Bach);Pahameel ja tunne, et elu on ebaõiglane. Teiste rõõmsameelsus võib ärritada. Aktiveerib võtma vastutust oma elu eest.;Resentment / Pahameel;;;;;
2840;WOMAN´S HARMONY;Nais- ja meesenergia tasakaalustamine, aktiveerides juurdepääsu kõigile oma sisemistele ressurssidele ja tasakaalu.;Female / Naiselikkus;;;;;
2841;WRMLV;Valus emotsionaalne kiindumussuhe/side ning südamevaluga seotud tunded ja mõttemustrid (keegi või midagi tekitab südamevalu). Soov olla omaette ja/või olukorrast põgeneda, võib esineda ükskõiksust lähedaste suhtes. Aktiveerib harmooniat. ;"Attachment / Kiindumus; Heartache / Südamevalu; Pain / Valu";;;;;
2938;Pineal Gland;Kontakt sisetundega #1 (mis on õige/vale, mida sina soovid/ei soovi).;Pineal / Kontakt sisetundega;;;;;
3691;Dopamine #1;Meeleolu, motivatsiooni ja rahulolu tasakaalustamine #1;Dopamine / Dopamiin;;;;;
3692;Dopamine #2;Meeleolu, motivatsiooni ja rahulolu tasakaalustamine #2;Dopamine / Dopamiin;;;;;
3748;Oxytocin;Armastuse tunde aktiveerimine.;Oxytocin / Armastuse tunde tõstmine;;;;;
3773;Serotonin;Meeleolu, kognitiivsete võimete, õppimise, tähelepanu ja mälu tasakaalustamine.;Serotonin / Serotoniin;;;;;
4219;Abandonment;Hüljatuse tunne: hirm mahajätmise, hülgamise ja/või üksinduse ees.;Abandonment / Hüljatus;;;;;
4221;Ability to accept praise;Võime/oskus võtta vastu kiitust ja tunnustust.;Accept / Aktsepteerima;;;;;
4222;Abusive;Pahatahtlikkus tekkinud traumadest.;Abusive / Pahatahtlikkus;;;;;
4223;Accept masculine side;Oma mehelike omaduste aktsepteerimine ja vastuvõtmine.;Masculine / Maskuliinsus;;;;;
4224;Acceptance of female aspe;Oma naiselike omaduste aktsepteerimine ja vastuvõtmine.;Female / Naiselikkus;;;;;
4225;Acceptance;Aktsepteerimine: olukorra ja/või inimese vastuvõtmine sellisena nagu see/ta on.;Accept / Aktsepteerima;;;;;
4231;Addictive;Sõltuvus millegi või kellegi suhtes.;Addictive / Sõltuvust tekitav;;;;;
4232;Adjustment disorder;Kohanemisraskus: ärevusega seotud reaktsioon mingile elusündmusele/olukorrale.;Adjustment / Kohanemine;;;;;
4241;Aggression;Agressiivsus, mis on tekkinud traumadest, foobiatest, usaldamatusest, ebakindlusest ja kinnismõtetest.;Aggression / Agressiivsus;;;;;
4242;Aggression Release;Agressiivsuse neutraliseerimine.;Aggression / Agressiivsus;;;;;
4243;Aging conflict;Vananemise konflikt: üks osa sinust aktsepteerib vananemist, teine osa ei aktsepteeri.;"Aging / Vananemine; Conflict / Konflikt";;;;;
4244;Agitation;Ärevusest ja/või närvilisusest tekkinud rahutus #1;Agitation / Rahutus;;;;;
4245;Aimless activity;Sihitu tegutsemine/tegevus.;Aimless / Sihitu;;;;;
4247;Alienation;Võõrandumine (sh inimeste vältimine, soov hoida teistest eemale ja olla omaette).;Alienation / Võõrandumine;;;;;
4260;Anger #1;Viha #1;Anger / Viha;;;;;
4261;Anger #2;Viha #2;Anger / Viha;;;;;
4262;Anger #3;Viha #3;Anger / Viha;;;;;
4263;Anger #4;Viha #4;Anger / Viha;;;;;
4264;ANGER #5;Viha #5;Anger / Viha;;;;;
4265;Anger #6;Viha #6;Anger / Viha;;;;;
4266;ANGER MED;Viha ja ärrituvus on tekkinud pikaajalisest stressist.;Anger / Viha;;;;;
4267;Anger Release;Viha neutraliseerimine #1;Anger / Viha;;;;;
4268;Anguish #1;Ängistus, ahastus, hingepiin #1;Anguish / Ängistus;;;;;
4269;Anguish #2;Ängistus, ahastus, hingepiin #2;Anguish / Ängistus;;;;;
4270;Anguish #3;Ängistus, ahastus, hingepiin #3;Anguish / Ängistus;;;;;
4290;Anxiety #1;Ärevus #1;Anxiety / Ärevus;;;;;
4291;Anxiety #2;Ärevus #2;Anxiety / Ärevus;;;;;
4292;Anxiety #3;Ärevus #3;Anxiety / Ärevus;;;;;
4293;Anxiety #4;Ärevus #4;Anxiety / Ärevus;;;;;
4294;ANXIETY #5;Ärevus #5;Anxiety / Ärevus;;;;;
4295;Anxiety #6;Ärevus #6;Anxiety / Ärevus;;;;;
4296;ANXIETY MED;Ärevus on tekkinud pikaajalisest stressist.;Anxiety / Ärevus;;;;;
4297;Anxious worry;Ärevuslik muretsemine.;"Anxious / Ärev, murelik; Worry / Muretsemine";;;;;
4298;Anxiousness;Ärevuslikkus.;Anxious / Ärev, murelik;;;;;
4299;Apathy;Apaatsus (huvi ja entusiasmi puudus).;Apathy / Apaatsus;;;;;
4300;Appreciation;Tänulikkus kellegi või millegi suhtes.;Appreciation / Tänulikkus;;;;;
4301;Apprehension #1;Kartlikkus #1: ärevus/hirm, et võib juhtuda midagi halba või ebameeldivat.;Apprehension / Kartlikkus;;;;;
4302;Apprehension #2;Kartlikkus #2: ärevus/hirm, et võib juhtuda midagi halba või ebameeldivat.;Apprehension / Kartlikkus;;;;;
4305;Arousal Awareness Stim;Teadlikkuse stimuleerimine.;Awareness / Teadlikkus;;;;;
4308;Arrogance;Üleolevus, mis on tekkinud usaldamatusest ja ebakindlusest.;Arrogance / Ülbus;;;;;
4313;Assertiveness conflict;Enesekehtestamise konflikt: üks osa sinust soovib kehtestada ennast selgelt ja konkreetselt, kuid teisi austavalt, teine osa mitte.;"Assertiveness / Enesekehtestamine; Conflict / Konflikt";;;;;
4317;Attention Deficit;Tähelepanupuudulikkus #3;Attention / Tähelepanu;;;;;
4318;Attention Stim 1;Tähelepanu stimuleerimine #1;"Attention / Tähelepanu; Focus / Keskenduma";;;;;
4319;Attention Stim 2;Tähelepanu stimuleerimine #2;"Attention / Tähelepanu; Focus / Keskenduma";;;;;
4320;Attitude Change;Aktiveerib võimet/oskust suhtumist ümber hinnata, kui oled saanud uut informatsiooni/teavet.;Attitude / Suhtumine;;;;;
4321;Autism;Sotsiaalsus, suhtlemine, väljendusoskus #4;Autism / Autism;;;;;
4322;Avoidence;Vältimine.;Avoid / Vältimine;;;;;
4331;Bargaining;Läbirääkimine/tingimine.;Bargaining / Läbirääkimine;;;;;
4332;Base;Emotsionaalsed traumad seotud ellujäämisega, sh traumad, viha, väärkohtlemine, vägivald + enese mitte väärtustamine. Elus edasi liikumine.;"Chakra / Energiakeskused; Life / Elu eesmärk; Trust / Usaldus; Vitality / Elujõud";;;;;
4334;Behavior Change;Erinevate negatiivsete käitumismustrite neutraliseerimine.;Behavior / Käitumine;;;;;
4335;Being stuck;Kinnijäämise tunne: tunne, et ei saa elus edasi liikuda - midagi justkui hoiab kinni.;"Being stuck / Kinnijäämine; Stuck / Kinni olema";;;;;
4336;Belief conflict;Uskumuste konflikt: üks osa usub millessegi/kellessegi, teine osa ei usu. Erinevad uskumused võivad tekitada segadust.;Conflict / Konflikt;;;;;
4340;Betrayal;Tunne, et on reedetud (usaldus, printsiibid, sõbrad jne).;Betrayal / Reedetuse tunne;;;;;
4341;Bi-Polar Disorder;Tujude kõikumine pikaajalisest stressist.;Bi-polar / Tujude kõikumine;;;;;
4343;BIO-CLOCK REGULATOR;Unetus/raske uinuda.;Insomnia / Unetus;;;;;
4348;Bliss;Õnnetunne / suur rõõm.;Bliss / Suur rõõm;;;;;
4354;Body/Mind Integration;Keha/vaimu integreerimine psühhoteraapia kontekstis: aitab mõista ja aru saada, kuidas kõik erinevad eluosad on omavahel seotud.;Body-mind integration / Keha-vaimu integreerimine;;;;;
4369;Brow;Otsustamine ja sisetunne.;Chakra / Energiakeskused;;;;;
4384;Calmness;Rahulikkus.;Calm / Rahulikkus;;;;;
4392;Carelessness #1;Hoolimatus tekkinud traumadest #1;Carelessness / Hoolimatus;;;;;
4393;Carelessness #2;Hoolimatus tekkinud traumadest #2;Carelessness / Hoolimatus;;;;;
4401;Centering;Tähelepanu koondamine konkreetsele stiimulile või olemasolevale keskkonnale/olukorrale.;Centering / Tähelepanu koondamine;;;;;
4403;CEPHALO-LD;Õppimise soodustamine ja mentaalne selgus.;Learn / Õppimine;;;;;
4406;CEREBRAL-MET;Õppimine ja mälu.;Learn / Õppimine;;;;;
4408;Change conflict;Muutuste konflikt: üks osa sinust soovib muutusi ja teine osa ei soovi.;"Change / Muutused; Conflict / Konflikt";;;;;
4409;Change in personality;Aktiveerib positiivseid mõttemustreid, käitumist ja emotsioone.;Change / Muutused;;;;;
4421;Cognitive function;Kognitiivsete võimete (nt taju, tähelepanu, mälu) aktiveerimine.;Cognitive / Kognitiivsed võimed;;;;;
4427;Commitment conflict;Pühendumise konflikt: üks osa sinust soovib kellelegi/millelegi pühenduda, teine osa mitte.;Conflict / Konflikt;;;;;
4428;Communication;Kommunikatsioon/suhtlemine, tasakaalustades aktiveerib paremat suhtlemis- ja eneseväljendamisoskust.;Communication / Kommunikatsioon;;;;;
4429;Communication conflict;Kommunikatsiooni/suhtlemise konflikt: üks osa sinust soovib suhelda, teine osa ei soovi.;"Communication / Kommunikatsioon; Conflict / Konflikt";;;;;
4430;Compassion;Kaastundlikkus, tasakaalustades aktiveerib kaastundlikkust ja teiste suhtes paremat mõistmist.;Compassion / Kaastundlikkus;;;;;
4431;Completion conflict;Lõpetamise konflikt: üks osa sinust tahab mingit protsessi lõpetada, teine osa mitte.;Conflict / Konflikt;;;;;
4432;Compulsive;Kompulsiivsus/korduvad sundteod ja kinnisideed, mida võidakse kasutada ärevuse maandamiseks.;Compulsive / Kompulsiivsus;;;;;
4433;Compulsive thinking;Kompulsiivne mõtlemine (korduvad mõtted, millest on raske vabaneda), mida võidakse kasutada ärevuse maandamiseks.;Compulsive / Kompulsiivsus;;;;;
4435;Concentration Stim;Keskendumise stimuleerimine (õppimise, töötamise jms kontekstis).;"Concentration / Kontsentratsioon; Focus / Keskenduma";;;;;
4437;Confusion #1;Meelte segadus #1: ebaselgus, kaos, raske mõista käimasolevat protsessi/olukorda/seisundit.;Confusion / Segadus;;;;;
4438;Confusion #2;Meelte segadus #2: ebaselgus, kaos, raske mõista käimasolevat protsessi/olukorda/seisundit.;Confusion / Segadus;;;;;
4439;Confusion #3;Meelte segadus #3: ebaselgus, kaos, raske mõista käimasolevat protsessi/olukorda/seisundit.;Confusion / Segadus;;;;;
4441;Constant brooding over tr;Ärevuslik ja pidev muretsemine mingi teema osas, millest on keeruline vabaneda.;Brood / Pidev muretsemine;;;;;
4444;Contempt;Põlgus kellegi või millegi suhtes.;Contempt / Põlgamine;;;;;
4447;Cooperative;Koostöö/koostöövalmidus.;Cooperative / Koostöövalmidus;;;;;
4453;Courage;Julgus.;Courage / Julgus;;;;;
4454;Cowardice;Arglikkus.;Coward / Arglikkus;;;;;
4456;Craving for sympathy;Soov kaastunde järgi.;Craving for sympathy / Soov kaastunde järgi;;;;;
4457;Craving;Soov/isu millegi või kellegi järgi, nt mingi emotsiooni, toidu, suitsetamise jne.;Craving / Soov-isu millegi järgi;;;;;
4459;Creative expression.;Loominguline väljendamine: kunst, muusika, kirjutamine vms.;Expression / Eneseväljendamine;;;;;
4460;Creativity conflict;Loomingulisuse konflikt: üks osa sinust tahab olla loominguline, teine osa ei taha.;"Creativity / Loovus; Conflict / Konflikt";;;;;
4462;Crown;Närvisüsteemi rahustamine, sisemine tasakaal, ideede ja lahenduste leidmine.;Chakra / Energiakeskused;;;;;
4463;Cruelty;Julmus tekkinud traumadest.;Cruelty / Julmus;;;;;
4464;Crying #1;Nutmine #1;Cry / Nutmine;;;;;
4465;CRYING #2;Nutmine #2;Cry / Nutmine;;;;;
4466;Cultural conflict;Kultuuriline konflikt/erinevad arusaamised.;Conflict / Konflikt;;;;;
4470;Daydreaming;Liigne unistamine, mille tulemusel on keskendumisvõime häiritud. Aktiveerib keskendumisvõimet.;Daydreaming / Unistamine;;;;;
4473;Debility;Füüsiline nõrkus, mis on tekkinud haigustest.;Debility / Nõrkus;;;;;
4474;Decision conflict;Otsuse vastuvõtmise konflikt: üks osa sinust soovib vastu võtta mingi otsuse, teine osa mitte.;Conflict / Konflikt;;;;;
4475;Decisive;Otsusekindlus.;Decisive / Otsusekindlus;;;;;
4476;Decisiveness;Otsustusvõime - aktiveerib võimet võtta otsuseid vastu kiiresti ja efektiivselt.;Decisive / Otsusekindlus;;;;;
4477;Deep inner tiredness from #1;Sügav sisemine väsimus #1;Tiredness / Väsimus;;;;;
4478;Deep inner tiredness from #2;Sügav sisemine väsimus #2;Tiredness / Väsimus;;;;;
4479;Deep inner tiredness from #3;Sügav sisemine väsimus #3;Tiredness / Väsimus;;;;;
4482;Delirium #1;Deliirium #1;Delirium / Deliirium;;;;;
4483;Delirium #2;Deliirium #2;Delirium / Deliirium;;;;;
4484;DELIRIUM MED;Deliirium tekkinud pikaajalisest stressist ja traumadest.;Delirium / Deliirium;;;;;
4485;Delusion #1;Pettekujutlus #1;Delusion / Pettekujutelm;;;;;
4486;DELUSION #2;Pettekujutlus #2;Delusion / Pettekujutelm;;;;;
4487;Delusion #3;Pettekujutlus #3;Delusion / Pettekujutelm;;;;;
4488;Delusions;Pettekujutlused.;Delusion / Pettekujutelm;;;;;
4490;Denial;Eitamine/salgamine.;Denial / Eitamine;;;;;
4493;Depression #1;Pikaajaline stress #1;Depression / Pikaajaline stress;;;;;
4494;Depression #2;Pikaajaline stress #2;Depression / Pikaajaline stress;;;;;
4495;Depression #3;Pikaajaline stress #3;Depression / Pikaajaline stress;;;;;
4496;DEPRESSION #4;Pikaajaline stress #4;Depression / Pikaajaline stress;;;;;
4497;Depression #5;Pikaajaline stress #5;Depression / Pikaajaline stress;;;;;
4498;DEPRESSION ANTITOX;Pikaajalise stressi neutraliseerimine.;Depression / Pikaajaline stress;;;;;
4499;DEPRESSION MED;Pikaajaline stress ja melanhoolsus.;"Depression / Pikaajaline stress; Melanholic / Melanhoolsus";;;;;
4503;Desire conflict;Soovide/ihalduste konflikt: üks osa sinust soovib/ihaldab midagi/kedagi, teine osa mitte.;"Desire / Iha; Conflict / Konflikt";;;;;
4504;Desire for solitude;Soov olla üksinda/omaette.;Desire / Iha;;;;;
4505;Desire to run away;Soov põgeneda mingist olukorrast/situatsioonist, otsides väljapääsu. Võib olla põhjustatud stressist.;"Desire / Iha; Run away / Soov minema joosta";;;;;
4506;Despair of recovery;Lootusetuse tunne paranemise suhtes.;Despair / Meeleheide;;;;;
4507;Despondency;Ahastus/lootusetus/meeleheide.;Despond / Ahastus;;;;;
4508;Despondent;Meeleheide/rusutus/lootusetus.;Despond / Ahastus;;;;;
4511;Difficulty to forgive;Raske andestada.;Forgive / Andestamine;;;;;
4517;Disappointment #1;Pettumus #1;Disappointment / Pettumus;;;;;
4518;Disappointment #2;Pettumus #2;Disappointment / Pettumus;;;;;
4519;Disappointment #3;Pettumus #3;Disappointment / Pettumus;;;;;
4520;Discipline conflict;Distsipliini konflikt: üks osa sinust soovib kokkulepitud reeglitest kinni pidada, teine osa ei soovi.;Conflict / Konflikt;;;;;
4521;Discouragement;Arglikkus. Enesekindluse ja entusiasmi puudus, mis on tekkinud hirmudest.;"Courage / Julgus; Discouragement / Arglikkus";;;;;
4523;Displeasure;Meelepaha/rahulolematus.;"Displeasure / Meelepaha; Pleasure / Nauding";;;;;
4524;Distrust;Üleüldine usaldamatus kellegi või millegi suhtes (ei usalda elu, ennast ega teisi inimesi).;Trust / Usaldus;;;;;
4526;Dogmatic;Dogmaatiline: kindlad fikseeritud seisukohad.;Dogmatic / Dogmaatiline;;;;;
4527;Dominating;Domineerimine tekkinud stressist ja traumadest.;Dominating / Domineeriv;;;;;
4528;Dread of future;Hirm tuleviku ees, võib olla seotud ärevuse ja paanikaga.;Future / Tulevik;;;;;
4529;Dwelling on unpleasant th;Pidevalt mõtlemine ebameeldivate asjade peale ja/või nendest rääkimine.;Dwelling on unpleasent / Ebameeldivatest asjadest mõtlemine;;;;;
4535;Easily Influenced;Kergesti mõjutatav.;Easily / Kergesti mõjutatav-solvuv;;;;;
4536;Easily offended #1;Kergesti solvuv #1;Easily / Kergesti mõjutatav-solvuv;;;;;
4537;Easily offended #2;Kergesti solvuv #2;Easily / Kergesti mõjutatav-solvuv;;;;;
4538;Easy laugh/cry;Nutmine ja/või naermine tühistel põhjustel.;"Cry / Nutmine; Laugh / Naermine";;;;;
4539;Ecstasy;Ekstaasi tunne: ülevoolav rõõmutunne ja/või elevus.;Ecstasy / Ekstaasi tunne;;;;;
4541;Effects of childhood abus;Lapsepõlves toimunud väärkohtlemised: emotsionaalsed ja/või füüsilised traumad.;Childhood / Lapsepõlv;;;;;
4542;Effects of shock;Erinevate šokkide mõju.;Shock / Šokk;;;;;
4543;Egoistical;Egoistlikkus, võib olla tekkinud madalast enesehinnangust, šokkidest või traumadest.;Ego / Ego;;;;;
4547;Embarrassment;Piinlikkus.;Embarrasment / Piinlikkus;;;;;
4548;EMOTION MED;Meeleolumuutused tekkinud pikaajalisest stressist.;"Emotion / Emotsioonid; Mood / Meeleolu";;;;;
4549;Emotional conflict;Emotsionaalsuse konflikt: üks osa sinust soovib vabaneda mingitest negatiivsetest emotsioonidest, teine osa mitte.;"Emotion / Emotsioonid; Conflict / Konflikt";;;;;
4550;Emotional instability;Emotsionaalne ebastabiilsus.;Emotion / Emotsioonid;;;;;
4551;Emotional Release;Negatiivsete emotsioonide vabastamine.;Emotion / Emotsioonid;;;;;
4552;Emotional Stability;Emotsionaalne stabiilsus.;Emotion / Emotsioonid;;;;;
4553;Emotional tension;Emotsionaalne pinge/stress.;"Emotion / Emotsioonid; Tension / Pinged";;;;;
4554;Emotional Trauma;Emotsionaalne trauma.;"Emotion / Emotsioonid; Trauma / Trauma";;;;;
4555;Emotions;Emotsioonide tasakaalustamine.;Emotion / Emotsioonid;;;;;
4560;Enthusiasm #1;Entusiasm #1;Enthusiasm / Entusiasm;;;;;
4561;Enthusiasm #2;Entusiasm #2;Enthusiasm / Entusiasm;;;;;
4564;Environmental;Elektromagnetiline reostus.;Environment / Keskkond;;;;;
4569;Escapism;Põgenemine aktuaalsest reaalsusest (karjäär, usulised tõekspidamised, arvutimängud, st kõik, mida saab kasutada kompenseeriva vahendina, sh asendades erinevaid lahendamata probleeme).;Escapism / Põgenemine reaalsusest;;;;;
4571;Ethical conflict;Eetiline konflikt: üks osa soovib käituda eetiliselt, teine osa mitte.;Conflict / Konflikt;;;;;
4573;Exhausted;Kurnatus/vaevatus, nt tööst, mingist tegevusest.;Exhaust / Kurnatus;;;;;
4574;Exhaustion;Füüsiline või mentaalne väsimus, sh mingi pingutuse tagajärjena.;Exhaust / Kurnatus;;;;;
4575;Exhaustion due to sedenta;Istuvast tööst/tegevusest tulenev väsimus.;Exhaust / Kurnatus;;;;;
4577;Extroverted depression;Tunnete välja elamine (nt viha) on tekitanud pikaaegset stressi.;"Depression / Pikaajaline stress; Extrovert / Ekstravert";;;;;
4584;Faith;Täielik usk endasse ning usaldus kellegi või millegi vastu.;Faith / Usk;;;;;
4585;Family conflict;Perekondlik konflikt: keerulised perekondlikud suhted, milles üks osa sinust soovib konflikti lahendada, teine osa ei soovi.;"Family / Peresuhted; Conflict / Konflikt";;;;;
4586;FATIGUE MED;Mentaalne ja/või füüsiline väsimus tekkinud pikaaegsest stressist;Fatigue / Väsimus;;;;;
4587;Fatigue Reduction;Mentaalse ja/või füüsilise väsimuse vähendamine.;Fatigue / Väsimus;;;;;
4590;Fear #1;Hirm #1 ;Fear / Hirmud;;;;;
4591;Fear #2;Hirm #2;Fear / Hirmud;;;;;
4592;Fear #3;Hirm #3;Fear / Hirmud;;;;;
4593;FEAR #4;Hirm #4;Fear / Hirmud;;;;;
4594;Fear #5;Hirm #5;Fear / Hirmud;;;;;
4595;Fear of aging;Hirm vananemise ees.;"Aging / Vananemine; Fear / Hirmud";;;;;
4596;Fear of change #1;Hirm muutuste ees #1;"Change / Muutused; Fear / Hirmud";;;;;
4597;Fear of change #2;Hirm muutuste ees #2;"Change / Muutused; Fear / Hirmud";;;;;
4598;Fear of death;Hirm surma ees.;Fear / Hirmud;;;;;
4599;Fear of exams;Hirm hakkama saamise ees olukordades, mis nõuavad suurt pingutust ja tähelepanu - võib esineda stressi ja ärevust, nt eksamid.;Fear / Hirmud;;;;;
4600;Fear of intimacy;Hirm intiimsuse ees.;"Fear / Hirmud; Intimacy / Intiimsus";;;;;
4601;Fear Reduction;Hirmude vähendamine.;Fear / Hirmud;;;;;
4602;Fear something bad will h;Hirm, et võib juhtuda midagi halba.;Fear / Hirmud;;;;;
4603;Fears from past emotional;Emotsionaalsed hirmud minevikust.;"Fear / Hirmud; Past / Minevik";;;;;
4604;Fears from past rejection;Hirmud, mis tulenevad minevikus toimunud äraütlemistest ja/või tõrjumisest.;"Fear / Hirmud; Past / Minevik; Rejection / Tagasilükkamine";;;;;
4606;Feel a victim;Ohvri tunne: tunne, et on haiget tehtud ning enda ohvrina tundmine.;Victim / Ohvritunne;;;;;
4607;Feeling free;Enda vabalt tundmine. Vabadus, sh kellestki/millestki lahtilaskmine.;Feeling / Enesetunne;;;;;
4608;Feeling inferior;Alaväärsustunne.;"Feeling / Enesetunne; Inferior / Väärtusetuse tunne";;;;;
4609;Feeling useless;Tunne, et olen kasutu.;Feeling / Enesetunne;;;;;
4610;Feelings of worthlessness;Tunne, et olen väärtusetu.;Feeling / Enesetunne;;;;;
4622;Financial conflict;Finantskonflikt: üks osa sinust soovib raha vastu võtta/teenida, teine osa ei soovi.;Conflict / Konflikt;;;;;
4624;Fixed negative ideas;Fikseeritud negatiivsed ideed.;Fixed negative ideas / Fikseeritud negatiivsed ideed;;;;;
4625;Fleeting attention;Raske hoida tähelepanu ühel objektil/tegevusel, tähelepanu liigub pidevalt ühelt objektilt teisele.;Attention / Tähelepanu;;;;;
4626;FLEX MED;Paindumatus tekkinud pikaajalisest stressist.;Flexibility / Paindlikkus;;;;;
4627;Flexibility Stimulation;Paindlikkuse stimuleerimine.;Flexibility / Paindlikkus;;;;;
4628;Floating sensation;Ujuv/kõikuv tunne (seotud paanika, pingete, ärevuse või tinnitusega).;Floating / Ujuv tunne;;;;;
4633;Focus-Mind/Body;Keskendumine (meeled/keha).;Focus / Keskenduma;;;;;
4636;Food conflict;Toidukonflikt: üks osa sinust soovib toituda kehavajadustest lähtuvalt, teine osa ei soovi (nt süües rämpstoitu, näljutades ennast vms).;Conflict / Konflikt;;;;;
4639;Forgiveness;Andestamine #1;Forgive / Andestamine;;;;;
4641;Friendship;Sõprussuhted: aktiveerib sõprussuhete loomist ja nende hoidmist.;Friendship / Sõprussuhted;;;;;
4642;Fright;Äkiline võimas hirmutunne, mis võib aktiveerida ärevust, paanikat (nii sisemine kui väline ehmumine/reageerimine, sh tühistel põhjustel).;Fright / Äkiline hirm;;;;;
4644;Frustration;Frustratsioon.;Frustration / Frustratsioon;;;;;
4656;Gender conflict;Soorolli konflikt.;Conflict / Konflikt;;;;;
4657;Generosity;Suuremeelsus.;Generosity / Suuremeelsus;;;;;
4658;Gentleness;Õrnus.;Gentleness / Õrnus;;;;;
4668;Great fright;Suur äkiline võimas hirmutunne, mis võib aktiveerida ärevust, paanikat (nii sisemine kui väline ehmumine/reageerimine, sh tühistel põhjustel).;Fright / Äkiline hirm;;;;;
4669;Greed;Ahnus tekkinud traumadest #1;Greed / Ahnus;;;;;
4670;Greed;Ahnus tekkinud traumadest #2;Greed / Ahnus;;;;;
4672;Grief #1;Lein #1: surm, kaotus, lahkuminek, mingi eluperioodi lõppemine.;Grief / Lein;;;;;
4673;Grief #2;Lein #2: surm, kaotus, lahkuminek, mingi eluperioodi lõppemine.;Grief / Lein;;;;;
4674;Grief #3;Lein #3: surm, kaotus, lahkuminek, mingi eluperioodi lõppemine.;Grief / Lein;;;;;
4675;Grief #4;Lein #4: surm, kaotus, lahkuminek, mingi eluperioodi lõppemine.;Grief / Lein;;;;;
4677;Grounded;Vaimne tasakaal (arusaav, mõistev, hooliv).;Grounded / Vaimne tasakaal;;;;;
4679;Harshness;Karmus tekkinud traumadest.;Harsh / Karmus;;;;;
4680;Hate #1;Vihkamine tekkinud traumadest #1;Hate / Vihkamine;;;;;
4681;HATE #2;Vihkamine tekkinud traumadest #2;Hate / Vihkamine;;;;;
4684;Health conflict;Tervise konflikt: üks osa soovib terve olla, teine osa ei taha.;Conflict / Konflikt;;;;;
4686;Heart #2;Armastus ja andestus.;"Chakra / Energiakeskused; Compassion / Kaastundlikkus; Life / Elu eesmärk; Love / Armastus; Passion / Kirglikkus";;;;;
4691;Heartache;Südamevalu: keegi või midagi tekitab südamevalu.;Heartache / Südamevalu;;;;;
4693;Helplessness;Abituse tunne tekkinud traumadest ja pikaajalisest stressist.;Helplessness / Abitusetunne;;;;;
4703;Hesitation;Kahtlemine/kõhklemine, aitab võtta otsuseid paremini vastu.;Hesitation / Kahtlemine;;;;;
4706;Honesty;Ausus.;Honesty / Ausus;;;;;
4707;Honesty conflict;Aususe konflikt: üks osa soovib olla aus, teine osa ei soovi.;"Honesty / Ausus; Conflict / Konflikt";;;;;
4708;Hope;Lootus.;Hope / Lootus;;;;;
4709;Hopelessness #1;Lootusetuse tunne #1;Hope / Lootus;;;;;
4710;Hopelessness #2;Lootusetuse tunne #2;Hope / Lootus;;;;;
4712;Hostility;Vaenulikkus tekkinud traumadest.;Hostility / Vaenulikkus;;;;;
4716;Hurtfull memories of trau;Valusad mälestused traumadest.;Hurtfull / Valusad mälestused;;;;;
4718;Hyperactivity;Hüperaktiivsus #1;Hyperactivity / Hüperaktiivsus;;;;;
4719;Hyperactivity Disorder;Hüperaktiivsus #2;Hyperactivity / Hüperaktiivsus;;;;;
4728;Hysteria #1;Hüsteeria #1;Hysteria / Hüsteeria;;;;;
4729;Hysteria #2;Hüsteeria #2;Hysteria / Hüsteeria;;;;;
4730;HYSTERIA MED;Hüsteeria tekkinud pikaajalisest stressist.;Hysteria / Hüsteeria;;;;;
4731;Identity;Identiteet: kellena ennast tajun ja kuhu sobitun.;Identity / Identiteet;;;;;
4732;Identity conflict;Identiteedi konflikt: üks osa tajub, kuhu sa kuulud/sobitud, teine osa ei taju.;"Identity / Identiteet; Conflict / Konflikt";;;;;
4736;Impatience;Kannatamatus.;Impatience / Kannatamatus;;;;;
4737;Impulsivity;Impulsiivsus.;Impulsivity / Impulsiivsus;;;;;
4738;Inability to accept love;Raske võtta armastust vastu.;"Inability / Suutmatus; Love / Armastus";;;;;
4739;Inability to adapt to new;Raskus kohaneda uute tingimuste/olukordadega.;Inability / Suutmatus;;;;;
4740;Inability to cooordinate;Raskus koordineerida/kooskõlla viia/juhtida mingit protsessi.;Inability / Suutmatus;;;;;
4741;Inability to express ones;Raske ennast väljendada.;Inability / Suutmatus;;;;;
4742;Inability to face challen;Raske võtta vastu väljakutseid / seista nendega silmitsi.;Inability / Suutmatus;;;;;
4743;Inability to fix mind on;Raskused keskendumisel/tähelepanu suunamisel konkreetsele tegevusele.;Inability / Suutmatus;;;;;
4744;Inability to grasp ideas;Raskused ideedest arusaamisel.;Inability / Suutmatus;;;;;
4745;Inability to perform cont;Raskused enda teostamisel.;Inability / Suutmatus;;;;;
4746;Inadequate;Ebapiisavuse/puudulikkuse tunne (emotsionaalses, intellektuaalses, sotsiaalses kontekstis).;Inadequate / Ebapiisavus;;;;;
4747;Inattentiveness;Tähelepanematus.;Inattentiveness / Tähelepanematus;;;;;
4748;Inclination to constantly;Oma eesmärkidest ja soovidest kõrvale kaldumine.;Inclination / Kõrvale kalduma;;;;;
4749;Indifference;Ükskõiksuse tunne/tundetus.;Indifference / Ükskõiksus;;;;;
4750;Indifference to loved one;Ükskõiksuse tunne/tundetus lähedaste inimeste suhtes.;"Indifference / Ükskõiksus; Love / Armastus";;;;;
4751;Indignation;Nördimus seotud viha ja ärrituvusega.;Indignation / Nördimus;;;;;
4755;Iner Awareness;Sisemine teadlikkus.;Awareness / Teadlikkus;;;;;
4757;Inferiority;Alaväärsus.;Inferior / Väärtusetuse tunne;;;;;
4760;Inflexibility;Paindumatus #1;Flexibility / Paindlikkus;;;;;
4761;Inflexible;Paindumatus #2;Flexibility / Paindlikkus;;;;;
4767;Inner conflict;Sisemine konflikt.;Conflict / Konflikt;;;;;
4768;Inner Guidance;Sisetunne/sisemine teejuht, aktiveerides paremat arusaamist inimestest, olukordadest ning otsuste vastu võtmist.;Inner guidance / Sisemine teejuht;;;;;
4769;Inner joy;Sisemine rõõm.;Joy / Rõõm;;;;;
4770;Inner Peace;Sisemine rahu #1;Inner peace / Sisemine rahu;;;;;
4771;Inner peace;Sisemine rahu #2;Inner peace / Sisemine rahu;;;;;
4772;Inner Wisdom;Sisemine tarkus #1;Wisdom / Tarkus;;;;;
4774;Insensitivity;Tundetus, sh ükskõiksus teiste inimeste tunnete suhtes.;Insensitivity / Tundetus;;;;;
4775;Insight;Taipamine/arusaamine/läbinägelikkus.;Insight / Taipamine;;;;;
4776;INSOMNIA MED;Unetus tekkinud pikaajalisest stressist.;Insomnia / Unetus;;;;;
4777;Inspiration;Inspiratsioon.;Inspiration / Inspiratsioon;;;;;
4779;Integrity conflict;Põhimõtete ja väärtushinnangute konflikt.;Conflict / Konflikt;;;;;
4780;Intellectual conflict;Intellektuaalne/vaimse arengu konflikt: üks osa soovib vaimselt areneda, teine osa ei soovi.;Conflict / Konflikt;;;;;
4781;Intelligence Stim;Intelligentsuse/arukuse stimuleerimine.;Focus / Keskenduma;;;;;
4785;Intimacy;Intiimsus.;Intimacy / Intiimsus;;;;;
4786;Introverted depression;Tunnete (nt viha, kurbus) sisse hoidmine on tekitanud pikaaegset stressi.;Depression / Pikaajaline stress;;;;;
4787;Intuition;Intuitsioon.;Intuition / Intuitsioon;;;;;
4789;Irresponsibility;Vastutustundetus tekkinud traumadest.;Irresponsibility / Vastutustundetus;;;;;
4790;Irritability;Ärrituvus #1;Irritability / Ärrituvus;;;;;
4791;Irritable depression;Ärrituvus tekkinud pikaajalisest stressist.;"Depression / Pikaajaline stress; Irritability / Ärrituvus";;;;;
4792;Irritability;Ärrituvus #2;Irritability / Ärrituvus;;;;;
4794;Jealousy #1;Armukadedus #1;Jealousy / Armukadedus;;;;;
4795;Jealousy #2;Armukadedus #2;Jealousy / Armukadedus;;;;;
4796;JEALOUSY #3;Armukadedus #3;Jealousy / Armukadedus;;;;;
4797;Jealousy #4;Armukadedus #4;Jealousy / Armukadedus;;;;;
4798;Joy #1;Rõõm #1;Joy / Rõõm;;;;;
4799;JOY #2;Rõõm #2;Joy / Rõõm;;;;;
4800;Joy #3;Rõõm #3;Joy / Rõõm;;;;;
4810;Kindness;Heatahtlikkus.;Kindness / Heatahtlikkus;;;;;
4819;Lack of clarity of purpos;Eesmärkide ebaselgus.;Clarity / Selgus;;;;;
4820;Lack of female expression;Naiselik väljendus.;"Expression / Eneseväljendamine; Female / Naiselikkus";;;;;
4821;Lack of forgiveness;Andestamine #2;Forgive / Andestamine;;;;;
4822;Lack of grit;Mentaalne tugevus/meelekindlus.;Grit / Meelekindlus;;;;;
4823;Lack of imagination;Kujutlusvõime.;Imagination / Kujutlusvõime;;;;;
4824;Lack of intrest;Huvipuudus.;Intrest / Huvipuudus;;;;;
4825;Lack of vitality from emo;Elujõu puudus (tekkinud pikaajalisest stressist).;Vitality / Elujõud;;;;;
4832;Laughter #1;Naermine #1;Laugh / Naermine;;;;;
4833;LAUGHTER #2;Naermine #2;Laugh / Naermine;;;;;
4835;Learning Disibility;Õpiraskused.;Learn / Õppimine;;;;;
4836;LEARNING MED;Raskused õppimisel tekkinud pikaajalisest stressist.;Learn / Õppimine;;;;;
4837;Learning Stim #1;Õppimise stimuleerimine #1;"Focus / Keskenduma; Learn / Õppimine";;;;;
4838;Learning Stim #2;Õppimise stimuleerimine #2;"Focus / Keskenduma; Learn / Õppimine";;;;;
4843;Legal conflict;Õiguslik konflikt: üks osa soovib käituda nii nagu on ühiskondlikete reeglitele vastav/lubatud, teine ei osa ei soovi.;Conflict / Konflikt;;;;;
4844;Lethargy #1;Täielik tundetus pikaajalisest stressist #1;Lethargy / Letargia;;;;;
4845;Lethargy #2;Täielik tundetus pikaajalisest stressist #2;Lethargy / Letargia;;;;;
4846;Letting go of false image;Oma valest/mitte toetavast mina-pildist lahti laskmine.;False image / Vale enesepilt;;;;;
4849;Life purpose;Oma elu eesmärgi mõistmise ja tasakaalu aktiveerimine.;Life / Elu eesmärk;;;;;
4850;Life-Direction conflict;Elusuuna konflikt: üks osa soovib elusuunda muuta/valida, teine osa ei soovi.;"Life / Elu eesmärk; Conflict / Konflikt";;;;;
4854;Listless;Huvi-, energia- ja entusiasmipuudus.;Listless / Tuim;;;;;
4862;Logic Stim;Loogilise mõtlemise stimuleerimine.;"Focus / Keskenduma; Logic / Loogika";;;;;
4863;Loneliness;Üksindus.;Lone / Üksindus;;;;;
4865;Long/lasting grief;Kauakestev lein.;Grief / Lein;;;;;
4866;Loss;Kaotus.;Loss / Kaotus;;;;;
4867;Loss of confidence;Enesekindluse kaotus.;"Confidence / Enesekindlus; Loss / Kaotus";;;;;
4868;Loss of vigor;Sisemise jõu kaotus.;Loss / Kaotus;;;;;
4869;Love;Armastuse tunne.;Love / Armastus;;;;;
4870;Low confidence;Madal enesekindlus.;Confidence / Enesekindlus;;;;;
4871;Low self-esteem;Madal enesehinnang.;Self-esteem / Enesehinnang;;;;;
4872;Loyalty;Lojaalsus kellegi või millegi suhtes.;Loyalty / Lojaalsus;;;;;
4878;Lust #1;Iha #1;Lust / Iha;;;;;
4879;LUST #2;Iha #2;Lust / Iha;;;;;
4880;Lust #3;Iha #3;Lust / Iha;;;;;
4899;Male/female balance;Mees- ja naisenergia tasakaal.;"Female / Naiselikkus; Male-female balance / Mees-naisenergia tasakaal";;;;;
4901;Mania #1;Maania tekkinud stressist #1;Mania / Maania;;;;;
4902;Mania #2;Maania tekkinud stressist #2;Mania / Maania;;;;;
4903;Mania #3;Maania tekkinud stressist #3;Mania / Maania;;;;;
4904;MANIA #4;Maania tekkinud stressist #4;Mania / Maania;;;;;
4905;MANIA MED;Maania tekkinud pikaajalisest stressist.;Mania / Maania;;;;;
4906;Manipulative;Manipuleerivus tekkinud traumadest.;Manipulative / Manipuleeriv;;;;;
4909;Melancholic #1;Melanhoolik/olemuselt kurvameelne #1, sh kurbade mälestuste meenutamine.;Melanholic / Melanhoolsus;;;;;
4910;Melancholic #2;Melanhoolik/olemuselt kurvameelne #2, sh kurbade mälestuste meenutamine.;Melanholic / Melanhoolsus;;;;;
4911;Melancholy;Melanhoolsus/kurvameelsus.;Melanholic / Melanhoolsus;;;;;
4912;Melatonin;Hea une aktiveerimine.;Sleep / Uni;;;;;
4913;Memory conflict;Mälu konflikt: üks osa soovib mäletada, teine osa ei soovi.;"Memory / Mälu; Conflict / Konflikt";;;;;
4914;MEMORY MED;Raske asju meelde jätta, tekkinud pikaajalisest stressist.;Memory / Mälu;;;;;
4918;Mental blocks;Mentaalsed blokid (võimatu jälgida mõtteid, mis mõjutavad käitumist, vähendavad efektiivsust ja piiravad potentsiaali lõpliku eesmärgi saavutamisel).;Mental blocks / Mentaalsus;;;;;
4919;Mental confusion #1;Mentaalne segadus #1;Confusion / Segadus;;;;;
4920;Mental confusion #2;Mentaalne segadus #2;Confusion / Segadus;;;;;
4921;Mental Energy Stim;Mentaalse energia stimuleerimine.;"Focus / Keskenduma; Mental blocks / Mentaalsus";;;;;
4922;Mental fatigue;Mentaalne tugev väsimus.;"Fatigue / Väsimus; Mental blocks / Mentaalsus";;;;;
4924;Mental weakness;Mentaalne nõrkus.;Mental blocks / Mentaalsus;;;;;
4940;Mind/Body Unity;Meele/keha tasakaal/sünkroonsus.;Unity / Ühtsus;;;;;
4944;Monotony;Monotoonsus/üksluisus.;Monotony / Üksluisus;;;;;
4945;Mood disorders;Meeleolu kõikumised tekkinud traumadest.;Mood / Meeleolu;;;;;
4946;Mood Elevation;Meeleolu tõus/kõrgendatud meeleolu.;Mood / Meeleolu;;;;;
4947;Mood swings;Meeleolu kõikumine/tujukus.;Mood / Meeleolu;;;;;
4948;Moral conflict;Moraalne konflikt: üks osa soovib olla õiglane, teine osa ei soovi.;Conflict / Konflikt;;;;;
4949;Motivation conflict;Motivatsiooni konflikt: üks osa soovib olla motiveeritud, teine osa ei soovi.;Conflict / Konflikt;;;;;
4960;Need for positive involvm;Vajadus positiivse kaasamise järele.;Positive involvm / Positiivne kaasatus;;;;;
4961;Need of enthusiasm;Vajadus entusiasmi järgi.;Enthusiasm / Entusiasm;;;;;
4962;Need to change;Vajadus muutuda, kuid samas enesele valetamine ja muutuste keelamine (leitakse vabandusi, miks ei saa muutusi teha, nt ei ole õige aeg, kunagi hiljem, ootan õiget aega, ei ole turvaline jne).;Change / Muutused;;;;;
4963;Need to recognize & resol;Oma probleemide tunnistamine ja soov leida neile lahendus.;Need to recognize / Oma probleemide tunnistamine;;;;;
4964;Needing comfort but unabl;Vajadus tunda heaolutunnet, kuid ei ole selleks võimeline (tulenevalt näiteks käesolevast eluperioodist vms).;Comfort / Mugavus;;;;;
4965;Negativity;Negatiivsus tekkinud stressist.;Negativity / Negatiivsus;;;;;
4974;Nervous exhaustion;Kurnatus, mis on tekkinud närvilisusest.;"Exhaust / Kurnatus; Nervousness / Närvilisus";;;;;
4975;Nervousness;Närvilisus tekkinud stressist #1;Nervousness / Närvilisus;;;;;
4978;NEUROCALM;Närvisüsteemi rahustamine.;Calm / Rahulikkus;;;;;
4983;No zest for life;Elurõõmu ja entusiasmi puudus.;Life / Elu eesmärk;;;;;
4984;Non-communicative;Ei soovi suhelda/kommunikeeruda.;Non-communicative / Suhtlematus;;;;;
4985;Not knowing where one fit;Ei tea, kuhu kuuluda/sobituda.;Fit / Sobitumine;;;;;
4986;Nurturing #1;Hoolimise tunne/hoolitsemine #1;Nurturing / Hoolimise tunne;;;;;
4987;Nurturing #2;Hoolimise tunne/hoolitsemine #2;Nurturing / Hoolimise tunne;;;;;
4988;Observant;Tähelepanelikkus, sh teiste suhtes.;Observant / Tähelepanelikkus;;;;;
4989;Obsession;Sundmõtted ja/või sundteod #1 (korduvad mõtted ehk mõtled pidevalt ühtesid ja samasid mõtteid, korduvad hirmudest tulenevad teod).;Obsess / Sundmõtted;;;;;
4990;Obsessive;Sundmõtted ja/või sundteod #2 (korduvad mõtted ehk mõtled pidevalt ühtesid ja samasid mõtteid, korduvad hirmudest tulenevad teod).;Obsess / Sundmõtted;;;;;
4991;Open-mind;Avatud meel (võime suhtuda eelarvamusteta uutesse ja/või erinevatesse ja/või enda senistele arusaamadele vastukäivatesse vaadetesse).;Open-mind / Avatud meel;;;;;
4992;Optimistic;Optimistlikkus.;Optimistic / Optimistlikkus;;;;;
4995;Orderliness conflict;Korralikkuse konflikt: üks osa soovib olla korralik, teine osa ei soovi.;Conflict / Konflikt;;;;;
5002;Over sensativity to all I;Ülitundlikkus kõige suhtes.;Sensativity / Ülitundlikkus;;;;;
5003;Over talkativeness;Ülevoolav rääkimine, mis on tekkinud traumadest ja/või stressist.;Talkativeness / Ülevoolav rääkimine;;;;;
5004;Over-sensativity to exter;Liigne ülitundlikkus välismõjude suhtes.;Sensativity / Ülitundlikkus;;;;;
5005;Overly ambitious;Liigne ambitsioonikus, mis on tekkinud traumadest.;Overly ambitious / Liigne ambitsioonikus;;;;;
5006;Oversensativity;Ülitundlikkus.;Sensativity / Ülitundlikkus;;;;;
5007;Overworked;Ületöötamine.;Overworked / Ületöötanud;;;;;
5016;Painfull emotional attached;Valus emotsionaalne side, st kellestki/millestki kinni hoidmine/ei soovita lahti lasta, sh võib olla ka kiindumussuhte trauma.;"Attachment / Kiindumus; Pain / Valu";;;;;
5017;Painfull events in past;Valusad sündmused/mälestused minevikust.;"Pain / Valu; Past / Minevik";;;;;
5023;Panic;Paanika.;Panic / Paanika;;;;;
5029;Passion;Kirglikkus.;Passion / Kirglikkus;;;;;
5030;Past humiliations;Alandused minevikust.;"Humiliations / Alandamised; Past / Minevik";;;;;
5032;Patience;Kannatlikkus.;Impatience / Kannatamatus;;;;;
5033;Peaceful;Rahumeelsus.;Peaceful / Rahumeelsus;;;;;
5034;Perfectionistic;Liigne perfektsionism, mis tekitab igapäevaelus stressi.;Perfect / Perfektsionism;;;;;
5035;Performance conflict;Soorituse konflikt: üks osa on valmis sooritamise nimel pingutama, teine osa ei ole.;Conflict / Konflikt;;;;;
5036;Perseverance;Püsivus/sihikindlus.;Perseverance / Püsivus;;;;;
5037;Persistence;Järjekindlus.;Pesistence / Järjekindlus;;;;;
5038;Pessimistice;Pessimistlikkus tekkinud traumadest.;Pessimist / Pessimistlik;;;;;
5040;Philosophical conflict;Filosoofiline konflikt: üks osa soovib olla filosoofiline, teine osa ei soovi.;Conflict / Konflikt;;;;;
5041;Phobias;Foobiad #1;Phobias / Foobiad;;;;;
5042;Physical conflict;Füüsiline konflikt: üks osa soovib olla füüsiliselt aktiivne, teine osa ei soovi.;Conflict / Konflikt;;;;;
5044;Pineal;Kontakt sisetundega #2 (mis on õige/vale, mida sina soovid/ei soovi).;Pineal / Kontakt sisetundega;;;;;
5060;PINEAL-MET;Stressist tulenev unetus, aktiveerib head und ja neutraliseerib stressi.;Pineal / Kontakt sisetundega;;;;;
5065;Pleasure;Nauding.;Pleasure / Nauding;;;;;
5071;Political conflict;Poliitiline konflikt.;Conflict / Konflikt;;;;;
5077;Power;Sisemine jõud #1 (aitab inimestel tegutseda ja otsuseid vastu võtta).;Power / Sisemine jõud;;;;;
5078;Power conflict;Sisemise jõu konflikt, sh oma sisemise jõu andmine teistele (oma jõu ja vabaduse ära andmine, tegutsedes nii nagu teistele meeldib).;"Power / Sisemine jõud; Conflict / Konflikt";;;;;
5079;Power;Sisemine jõud #2 (aitab saada oma vajadused täidetud läbi eneseväljenduse).;Power / Sisemine jõud;;;;;
5081;Pride;Liigne uhkus tekkinud traumadest.;Pride / Uhkus;;;;;
5083;Projection #1;Oma negatiivsete tunnete teistele projetseerimine #1 (kaitstes kuvandit endast ja oma maailmapilti).;Projection / Projetseerimine;;;;;
5084;Projection #2;Oma negatiivsete tunnete teistele projetseerimine #2 (kaitstes kuvandit endast ja oma maailmapilti).;Projection / Projetseerimine;;;;;
5093;Protection conflict;Kaitsekonflikt (mingil põhjusel laseb ise kaitse maha, st tahab olla hea, hakkab kahju, soovib anda enda eluenergiat jne).;"Protection / Kaitse; Conflict / Konflikt";;;;;
5096;PSY-ADJ;Raske sotsiaalselt kohaneda.;"Adjustment / Kohanemine; Social / Sotsiaalsus";;;;;
5097;PSY-ANX;Ärevus on tekkinud traumadest.;Anxiety / Ärevus;;;;;
5100;PSY-DEP;Pikaajaline stress.;Depression / Pikaajaline stress;;;;;
5101;PSY-DEP/EX;Väljaelatud tunded on põhjustanud pikaajalist stressi.;Depression / Pikaajaline stress;;;;;
5102;PSY-DEP/IN;Sissehoitud tunded  on põhjustanud pikaajalist stressi.;Depression / Pikaajaline stress;;;;;
5103;PSY-DIS;Psühholoogiline tasakaalutus tekkinud traumadest ja/või pikaajalisest stressist.;Logic / Loogika;;;;;
5104;PSY-HYS;Hüsteeria tekkinud traumadest ja/või pikaajalisest stressist.;Hysteria / Hüsteeria;;;;;
5105;PSY-MANIA;Maania tekkinud traumadest ja/või pikaajalisest stressist.;Mania / Maania;;;;;
5106;PSY-MOOD;Sage meeleolu kõikumine tekkinud stressist.;Mood / Meeleolu;;;;;
5107;PSY-PER;Sage meeleolu kõikumine.;Personality disorder / Isiksusehäire;;;;;
5109;PSY-SEX;Psühholoogiline tasakaalutus seoses seksuaalsusega.;Sex / Seksuaalsus;;;;;
5110;Psychic clarity;Psüühiline selgus.;Clarity / Selgus;;;;;
5111;Psychic pain;Psüühiline valu (emotsionaalne valu/kannatus).;Pain / Valu;;;;;
5112;Psychic protection;Psüühiline kaitse/piiride seadmine: luba olla rahulik ja õnnelik (vajalik selleks, et me suudaksime end igapäevase stressi keskel maandada, olla rahulikud ja õnnelikud).;Protection / Kaitse;;;;;
5113;Psychic tension;Psüühilised pinged (liiga palju mõtteid peas).;Tension / Pinged;;;;;
5114;Psychogenic stress;Emotsionaalne/psüühiline stress.;Stress / Stress;;;;;
5115;Psychological conflict;Psühholoogiline konflikt.;"Logic / Loogika; Conflict / Konflikt";;;;;
5121;Qi Gong Stim;Meele ja keha tasakaalustamine/stimuleerimine.;Qi Gong stim / Meele ja keha tasakaalustamine;;;;;
5122;Quarrelsome;Riiakus tekkinud stressist.;Quarrelsome / Riiakus;;;;;
5126;Rage;Raev (äkiline võimas tunne).;Rage / Raev;;;;;
5127;Rage from slightest contr;Raev tühistest asjadest.;Rage / Raev;;;;;
5128;Rationalization #1;Ratsionaliseerimine #1;Rationalization / Ratsionaliseerimine;;;;;
5129;RATIONALIZATION #2;Ratsionaliseerimine #2;Rationalization / Ratsionaliseerimine;;;;;
5131;Reckless;Hooletus tekkinud traumadest/pikaajalisest stressist #1;Reckless / Hoolimatus;;;;;
5132;Recklessness;Hooletus tekkinud traumadest/pikaajalisest stressist #2;Reckless / Hoolimatus;;;;;
5135;REDUCE ANGER;Viha neutraliseerimine #2;Anger / Viha;;;;;
5136;Reduce irritability;Ärrituvuse neutraliseerimine.;Irritability / Ärrituvus;;;;;
5137;Regret;Kahetsus.;Regret / Kahetsus;;;;;
5139;Relationship conflict;Suhtekonflikt: üks osa soovib olla suhtes, teine osa ei soovi.;Conflict / Konflikt;;;;;
5140;Relax-Mind, Body, Spirit;Meele, keha ja vaimu lõõgastumine.;Relax / Lõdvestuma;;;;;
5141;Relaxation conflict;Lõõgastuskonflikt: üks osa soovib lõõgastuda, teine osa ei soovi.;"Relax / Lõdvestuma; Conflict / Konflikt";;;;;
5142;Relaxation;Lõõgastus.;Relax / Lõdvestuma;;;;;
5143;Relaxed Focus;Lõdvestunud keskendumine.;"Focus / Keskenduma; Relax / Lõdvestuma";;;;;
5144; Reliability conflict;Usaldusväärsuse konflikt: üks osa usaldab kedagi/midagi, teine osa ei usalda.;"Reliability / Usaldusväärsus; Conflict / Konflikt";;;;;
5147;Repressed emotion connect #1;Allasurutud emotsioonide teadvustamine #1;Repressed / Allasurutus;;;;;
5148;Repressed emotion connect #2;Allasurutud emotsioonide teadvustamine #2;Repressed / Allasurutus;;;;;
5149;Repressed emotions;Allasurutud emotsioonid.;Repressed / Allasurutus;;;;;
5150;Repression;Survestatud olemine kellegi ja/või millegi poolt.;Repressed / Allasurutus;;;;;
5151;Resentment;Vimm ja pahameel.;Resentment / Pahameel;;;;;
5152;Reservedness;Reserveeritus.;Reservedness / Reserveeritus;;;;;
5153;Resignation;Soov kellestki ja/või millestki eemalduda/tagasi astuda.;Resignation / Soov kellestki või millestki eemalduda;;;;;
5154;Resistance to change;Vastuseis muutuste ees.;"Change / Muutused; Resistance / Vastuseis";;;;;
5155;Resistance to confront em;Vaidlustes raske kontrollida oma emotsioone.;Resistance / Vastuseis;;;;;
5156;Respect;Austus, aukartus, lugupidamine.;Respect / Austus;;;;;
5158;Responsibility conflict;Vastutuse konflikt: üks osa soovib võtta vastutust, teine osa ei soovi.;Conflict / Konflikt;;;;;
5159;Restless;Rahutus ja püsimatus.;Restless / Rahutus;;;;;
5160;Restlessness #1;Rahutus #1;Restless / Rahutus;;;;;
5161;Restlessness #2;Rahutus #2;Restless / Rahutus;;;;;
5162;Restlessness #3;Rahutus #3;Restless / Rahutus;;;;;
5165;Rett Syndrome;Raskusi kõnelemisel #1;Speech / Kõne;;;;;
5174;Rigidity;Jäikus/paindumatus.;Rigidity / Jäikus;;;;;
5175;RLX-ESSENCE;Lõdvestus (lihaste lõdvestamine, unetus ja stress).;Nervousness / Närvilisus;;;;;
5177;Ruthlessness;Halastamatus (võitlus ja konkureerimine tekkinud traumadest).;Ruthlessness / Halastamatus;;;;;
5183;Saddness;Kurbus.;Sadness / Kurbus;;;;;
5184;Sadness #1;Kurbus #1;Sadness / Kurbus;;;;;
5185;SADNESS #2;Kurbus #2;Sadness / Kurbus;;;;;
5186;Sarcasm;Sarkasm tekkinud traumadest.;Sarcasm / Sarkasm;;;;;
5192;Self-blame;Enese süüdistamine.;Blame / Süütunne;;;;;
5193;Self-care;Enese eest hoolitsemine.;Self-care / Enese eest hoolitsemine;;;;;
5194;Self-condeming;Ennast hukkamõistev.;Self-condeming / Enese hukkamõistmine;;;;;
5195;Self-confidence;Enesekindlus.;Confidence / Enesekindlus;;;;;
5196;Self-deception;Enesepettus/enesele valetamine.;Self-deception / Enesepettus;;;;;
5197;Self-destructive;Ennasthävitav käitumine.;Self-destructive / Ennasthävitav käitumine;;;;;
5198;Self-determination;Enesemääratlemine/võtad ise otsuseid vastu, ei lase teistel ennast mõjutada.;Self-determination / Enesekehtestamine;;;;;
5199;Self-esteem conflict;Enesehinnangu konflikt: ühel osal sinust on hea enesehinnang ja teisel osal ei ole.;"Self-esteem / Enesehinnang; Conflict / Konflikt";;;;;
5200;Self-expression;Eneseväljendamine.;Expression / Eneseväljendamine;;;;;
5201;Self-importance;Liigne enesetähtsustamine tekkinud traumadest ja šokkidest.;Self-importance / Liigne enesetähtsus;;;;;
5202;Self-reliance;Enesekindlus/vastutuse võtmine oma elu eest/iseseisvus ja iseseisvalt hakkama saamine.;Self-reliance / Eneseusaldus;;;;;
5203;Selfishness;Isekus tekkinud traumadest ja šokkidest.;Selfishness / Isekus;;;;;
5204;Sensativity to disorder;Liigne ülitundlikkus on tekkinud traumadest.;Sensativity / Ülitundlikkus;;;;;
5205;Sense of fun;Lõbususe tunne.;Sense of fun / Lõbususe tunne;;;;;
5206;Sensual conflict;Sensuaalsuse konflikt: üks osa soovib olla sensuaalne, teine osa ei soovi.;"Sensual / Sensuaalsus; Conflict / Konflikt";;;;;
5207;Sensuality;Sensuaalsus.;Sensual / Sensuaalsus;;;;;
5208;SERENAFEM;Emotsionaalsuse rahustamine.;Calm / Rahulikkus;;;;;
5209;Serenity;Rahulikkus.;Serenity / Rahulikkus;;;;;
5211;Sexual conflict;Seksuaalsuse konflikt: üks osa soovib olla seksuaalne, teine osa ei soovi.;"Sex / Seksuaalsus; Conflict / Konflikt";;;;;
5212;Sexual confusion;Segadus orientatsiooni osas.;Sex / Seksuaalsus;;;;;
5213;Sexual pleasure;Seksuaalne nauding.;"Pleasure / Nauding; Sex / Seksuaalsus";;;;;
5214;Sexuality;Seksuaalsus.;Sex / Seksuaalsus;;;;;
5215;Shame;Häbi.;Shame / Häbi;;;;;
5217;Shock #1;Šokk #1;Shock / Šokk;;;;;
5218;Shock #2;Šokk #2;Shock / Šokk;;;;;
5219;Shyness #1;Häbelikkus #1;Shy / Häbelikkus;;;;;
5220;Shyness #2;Häbelikkus #2;Shy / Häbelikkus;;;;;
5221;SHYNESS #3;Häbelikkus #3;Shy / Häbelikkus;;;;;
5227;Skepticism;Skeptilisus.;Skepticism / Skeptilisus;;;;;
5234;Sleep conflict;Une konflikt.;"Sleep / Uni; Conflict / Konflikt";;;;;
5235;Sluggishness;Loidus.;Sluggishness / Loidus;;;;;
5243;Social conflict;Sotsiaalsuse konflikt: üks osa soovib olla sotsiaalne, teine osa ei soovi.;"Social / Sotsiaalsus; Conflict / Konflikt";;;;;
5247;Space conflict;Sobitumise konflikt: üks osa sobib olemasolevasse keskkonda/struktuuri, teine osa ei sobi.;Conflict / Konflikt;;;;;
5249;Speech Impediment;Raskusi kõnelemisel #2;Speech / Kõne;;;;;
5252;Spiritual balance;Vaimne tasakaal.;Spirit / Vaimne;;;;;
5253;Spiritual conflict;Mõistuse ja südametunde konflikt #1: mõistus tahab ühte, kuid süda teist asja (mõistus juhib ja ei kuula südametunnet).;"Spirit / Vaimne; Conflict / Konflikt";;;;;
5254;Spiritual conflict;Mõistuse ja südametunde konflikt #2: mõistus tahab ühte, kuid süda teist asja (mõistus juhib ja ei kuula südametunnet).;"Spirit / Vaimne; Conflict / Konflikt";;;;;
5255;Spiritual connection;Vaimne ühenduvus kõige ja kõigiga.;Spirit / Vaimne;;;;;
5256;Spiritual healing;Hingehaavad, mis on tekkinud traumadest ja šokkidest.;Spirit / Vaimne;;;;;
5257;Spiritual longing;Soov vaimselt areneda ja kuuluda vastavasse toetavasse gruppi.;Spirit / Vaimne;;;;;
5258;Spiritual search;Elu tähenduse otsimine ja oma eluülesande/teekonna mõistmine.;Spirit / Vaimne;;;;;
5261;Spleen #2;Optimism, suhted (abielu, sõprus või tööalane partnerlus) ja seksuaalsus.;"Chakra / Energiakeskused; Anger / Viha; Confidence / Enesekindlus; Creativity / Loovus; Fear / Hirmud; Female / Naiselikkus; Male-female balance / Mees-naisenergia tasakaal; Sex / Seksuaalsus";;;;;
5266;SRT-ESSENCE;Raskused uinumisel/uneprobleemid ja pikaaegne stress.;Depression / Pikaajaline stress;;;;;
5268;Starting project with ent;Mingi tegevuse või projektiga entusiastlikult alustamine.;Starting project / Millegagi alustamine;;;;;
5271;Stomach #2;Enesehinnang, enesekindlus, tahtejõud ja eneseaustus.;"Chakra / Energiakeskused; Lust / Iha; Mood / Meeleolu; Nervousness / Närvilisus; Self-esteem / Enesehinnang";;;;;
5278;Strength;Sisemine tugevus #1;Strength / Tugevus;;;;;
5279;Strength;Sisemine tugevus #2;Strength / Tugevus;;;;;
5280;Stress #1;Stress #1;Stress / Stress;;;;;
5281;STRESS #2;Stress #2;Stress / Stress;;;;;
5282;Stress #3;Stress #3;Stress / Stress;;;;;
5283;STRESS MED;Pikaajaline ja tugev stress tekkinud pingetest ja kurnatusest.;Stress / Stress;;;;;
5284;STRESS RESISTANCE;Võime igapäevase stressiga toime tulla/vastupanuvõime stressile.;Stress / Stress;;;;;
5287;Stubborness;Kangekaelsus #1;Stubborness / Kangekaelsus;;;;;
5288;Stubbornness;Kangekaelsus #2;Stubborness / Kangekaelsus;;;;;
5289;Submissive;Allaheitlik/alistuv.;Submissive / Allaheitlik;;;;;
5291;Sullenness;Pahurus.;Sullenness / Pahurus;;;;;
5293;Suppression;Allasurutus.;Suppression / Allasurumine;;;;;
5294;Supression of important n;Emotsionaalsete ja füüsiliste vajaduste mahasurumine.;Supression / Oluliste vajaduste allasurumine;;;;;
5296;Suspicion;Kahtlus.;Suspicious / Kahtlus;;;;;
5297;Suspicious;Kahtlustamine.;Suspicious / Kahtlus;;;;;
5318;Tension held in muscles/o;Pinged, mis on hoitud lihastes ja organites.;Tension / Pinged;;;;;
5327;Thought disturbances;Segavad mõtted (võivad olla seotud ärevuse ja stressiga).;Thought disturbances / Segavad mõtted;;;;;
5329;Throat #2;Sissehoitud tunded ja eneseväljendamine.;"Chakra / Energiakeskused; Communication / Kommunikatsioon; Expression / Eneseväljendamine";;;;;
5339;Time conflict;Aja konflikt: soovib jõuda õigeks ajaks, kuid arvestab valesti ning jääb hiljaks.;Conflict / Konflikt;;;;;
5340;Timidity;Pelglikkus: julguse ja enesekindluse puudus.;Timidity / Pelglikkus;;;;;
5346;Tolerance;Tolerantsus.;Tolerance / Tolerantsus;;;;;
5349;Torment;Piinlemine/kannatamine, mis on tekkinud traumadest.;Torment / Piin;;;;;
5354;Transformation;Transformatsioon/muutumine: aitab meil muutuda, õpetab kuulama oma sisetunnet, aitab vabaneda vanadest ja samas ka hävitavatest programmidest.;Transformation / Muutumine;;;;;
5355;Transformation conflict;Transformatsiooni/muutuste konflikt: üks osa sinust soovib muutuda + kuulata oma hinge ning teine osa ei soovi.;"Transformation / Muutumine; Conflict / Konflikt";;;;;
5356;Trauma;Trauma.;Trauma / Trauma;;;;;
5357;Trauma/psychical shock;Trauma ja füüsiline šokk.;"Shock / Šokk; Trauma / Trauma";;;;;
5358;Traumas from past;Traumad minevikust.;"Past / Minevik; Trauma / Trauma";;;;;
5361;Trembling;Ärevusest tekkinud sisemine värin.;Trembling / Sisemine värin;;;;;
5364;Unconditional love;Tingimusteta armastus: tähendab lubamist olla kõigel just nii nagu see on.;Love / Armastus;;;;;
5365;Under valuing of ability;Enda võimete/võimekuse alahindamine.;Under valuing / Oma võimete alahindamine;;;;;
5366;Understanding;Asjadest/olukordadest arusaamine.;Understanding / Arusaamine;;;;;
5367;Uneasiness about future;Liigne muretsemine/rahutus, mis tulevikus võib juhtuda.;Future / Tulevik;;;;;
5368;Unfit for exersions;Raskused pingutamisel.;Exersion / Pingutus;;;;;
5369;Unity With All;Soov olla ühenduses kõigega.;Unity / Ühtsus;;;;;
5370;Unworthiness;Tunne, et ei ole kellegi või millegi vääriline.;Unworthiness / Ei ole vääriline;;;;;
5376;Utterly apathetic;Täielik apaatsus tekkinud pikaajalisest stressist.;"Apathy / Apaatsus; Utterly apathetic / Täielik apaatsus";;;;;
5379;Vaniety;Edevus tekkinud traumadest.;Vaniety / Edevus;;;;;
5394;VITALIFEM;Naiselik vitaalsus.;Female / Naiselikkus;;;;;
5395;VITALITY MED;Vitaalsuse puudus, mis on tekkinud pikaajalisest stressist.;Vitality / Elujõud;;;;;
5399;Vulnerability;Haavatavus.;Vulnerability / Haavatavus;;;;;
5400;Wandering mind;Uitmõtted.;Wandering mind / Uitmõtted;;;;;
5404;Will To Live Stim;Elutahte stimuleerimine.;Will to live / Elutahte stimuleerimine;;;;;
5405;Willingness to give;Valmisolek anda.;Willingness / Valmisolek anda;;;;;
5406;Willingness to receive;Valmisolek vastu võtta.;Willingness / Valmisolek anda;;;;;
5407;Willpower;Tahtejõud.;Power / Sisemine jõud;;;;;
5409;Wisdom;Sisemine tarkus #2;Wisdom / Tarkus;;;;;
5411;Work conflict;Töökonflikt: üks osa soovib antud tööd teha, teine osa ei soovi.;Conflict / Konflikt;;;;;
5412;Worry #1;Muretsemine #1;Worry / Muretsemine;;;;;
5413;Worry #2;Muretsemine #2;Worry / Muretsemine;;;;;
5414;WORRY #3;Muretsemine #3;Worry / Muretsemine;;;;;
5415;Worry #4;Muretsemine #4;Worry / Muretsemine;;;;;
5420;Youthfullness;Nooruslikkus.;Youthfullness / Nooruslikkus;;;;;
5635;Autism;Sotsiaalsus, suhtlemine, väljendusoskus #5;Autism / Autism;;;;;
5655;Nervousness;Närvilisus tekkinud stressist #2;Nervousness / Närvilisus;;;;;
5664;Restless Agitation;Ärevusest ja/või närvilisusest tekkinud rahutus #2;"Agitation / Rahutus; Restless / Rahutus";;;;;
6428;Pineal;Kontakt sisetundega #3 (mis on õige/vale, mida sina soovid/ei soovi).;Pineal / Kontakt sisetundega;;;;;
6429;PINEAL GLAND;Kontakt sisetundega #4 (mis on õige/vale, mida sina soovid/ei soovi).;Pineal / Kontakt sisetundega;;;;;
Wellness;Tourette;Sundhäälitsused ja -liigutused #3;Wellness;;;;;
Biofeedback Gems;Phobias;Foobiad #2;Phobias / Foobiad;;;;;
Timed specific;Pineal gland-to stimulate;Kontakt sisetundega (mis on õige/vale, mida soovid);Brain / Aju;;;;;
Wellness;Basal Ganglia;Ühendab tunded ja tegutsema hakkamise. ;Brain / Aju;;;;;
Wellness;Brainstem;Brainstem?;Brain / Aju;;;;;
Wellness;Cerebellum;Cerebellum?;Brain / Aju;;;;;
Wellness;Cerebral Cortex;Uue teabe õppimine, mõtete kujundamine ja otsuste langetamine;Brain / Aju;;;;;
Wellness;Corpus Callosum;Corpus Callosum?;Brain / Aju;;;;;
Wellness;Frontal Lobe;Enesekontroll: mõtete ja emotsioonide reguleerimine.;Brain / Aju;;;;;
Wellness;Hypothalamus;"""Võitle-põgene-tardu"" stressireaktsioon. Pidev nö valvel olek, mis takistab lõdvestumist.";Brain / Aju;;;;;
Wellness;Internal Capsule;Internal Capsule?;Brain / Aju;;;;;
Wellness;Left Hemisphere;Left Hemisphere?;Brain / Aju;;;;;
Wellness;Limpic System;Mitte teadvustatud shokid/traumad, sh mälupildid traumadest. Emotsionaalne tasakaal.;Brain / Aju;;;;;
Wellness;Medulla Oblongata;Medulla Oblongata?;Brain / Aju;;;;;
Wellness;Midbrain;Midbrain?;Brain / Aju;;;;;
Wellness;Occipital Lobe;Occipital Lobe?;Brain / Aju;;;;;
Wellness;Parietal Lobe;Parietal Lobe?;Brain / Aju;;;;;
Wellness;Pons;Pons?;Brain / Aju;;;;;
Wellness;Reticular Activating Sys.;Vastutab une, teadveloleku ja tähelepanu eest. Muutunud teadvuse seisund.;Brain / Aju;;;;;
Wellness;Right Hemisphere;Right Hemisphere?;Brain / Aju;;;;;
Wellness;Temporal Lobe;Temporal Lobe?;Brain / Aju;;;;;
Wellness;Thalamus;Aitab kaasa afektiivsele väljendusele. Teadvuse taseme muutus. Taju kaotus.;Brain / Aju;;;;;
Wellness;Beta;Fookus;Brain / Aju;;;;;
Wellness;Alpha;Lõdvestus;Brain / Aju;;;;;
Wellness;Theta;Sügav lõdvestus;Brain / Aju;;;;;
Wellness;Delta;Sügav uni;Brain / Aju;;;;;
Wellness;Brain Feedback;Ajuosade tasakaalustamine;Brain / Aju;;;;;
Sarcode;Vagus Nerve;Närvisüsteemi rahustamine;"Sarcode; Nervous system / Närvisüsteem";;;;;
Sarcode;Brain Detox;Ajupuhastus?;Sarcode;;;;;
Timed specific;Sympathetic;Sümpaatilise närvisüsteemi rahustamine;Nervous system / Närvisüsteem;;;;;
Timed specific;Para-sympathetic;Parasümpaatilise närvisüsteemi rahustamine;Nervous system / Närvisüsteem;;;;;
;;;;;;;;
;;;;;;;;
;;;;;;;;
;;;;;;;;
;;;;;;;;
;;;;;;;;
;;;;;;;;
;;;;;;;;
;;;;;;;;
;;;;;;;;
;;;;;;;;
;;;;;;;;
;;;;;;;;
;;;;;;;;
;;;;;;;;
;;;;;;;;
;;;;;;;;
;;;;;;;;
;;;;;;;;
;;;;;;;;
;;;;;;;;
;;;;;;;;
;;;;;;;;
;;;;;;;;
;;;;;;;;
;;;;;;;;
;;;;;;;;
;;;;;;;;
;;;;;;;;
;;;;;;;;
;;;;;;;;
;;;;;;;;
;;;;;;;;
;;;;;;;;
;;;;;;;;
;;;;;;;;
;;;;;;;;
;;;;;;;;
;;;;;;;;
;;;;;;;;
;;;;;;;;
;;;;;;;;
;;;;;;;;
;;;;;;;;
;;;;;;;;
;;;;;;;;
;;;;;;;;
;;;;;;;;
;;;;;;;;
;;;;;;;;
;;;;;;;;
;;;;;;;;
;;;;;;;;
;;;;;;;;
